traffic_source,traffic_medium,total_sessions,total_transactions,total_revenue,conversion_rate,revenue_per_session,avg_revenue_per_transaction
(direct),(none),2166,44.0,8292.98,2.03,3.8287,188.48
mail.google.com,referral,2,1.0,11.96,50.0,5.98,11.96
adwords.google.com,referral,2,0.0,0.0,0.0,0.0,0.0
ask,organic,2,0.0,0.0,0.0,0.0,0.0
productforums.google.com,referral,1,0.0,0.0,0.0,0.0,0.0
baidu,organic,5,0.0,0.0,0.0,0.0,0.0
sites.google.com,referral,8,0.0,0.0,0.0,0.0,0.0
analytics.google.com,referral,57,0.0,0.0,0.0,0.0,0.0
qiita.com,referral,5,0.0,0.0,0.0,0.0,0.0
datastudio.google.com,referral,1,0.0,0.0,0.0,0.0,0.0
google.com,referral,12,0.0,0.0,0.0,0.0,0.0
dfa,cpm,15,0.0,0.0,0.0,0.0,0.0
Partners,affiliate,52,0.0,0.0,0.0,0.0,0.0
blog.golang.org,referral,3,0.0,0.0,0.0,0.0,0.0
sashihara.jp,referral,1,0.0,0.0,0.0,0.0,0.0
quora.com,referral,6,0.0,0.0,0.0,0.0,0.0
groups.google.com,referral,4,0.0,0.0,0.0,0.0,0.0
facebook.com,referral,7,0.0,0.0,0.0,0.0,0.0
youtube.com,referral,180,0.0,0.0,0.0,0.0,0.0
m.baidu.com,referral,1,0.0,0.0,0.0,0.0,0.0
ph.search.yahoo.com,referral,1,0.0,0.0,0.0,0.0,0.0
l.facebook.com,referral,3,0.0,0.0,0.0,0.0,0.0
support.google.com,referral,1,0.0,0.0,0.0,0.0,0.0
m.facebook.com,referral,5,0.0,0.0,0.0,0.0,0.0
google.com.vn,referral,1,0.0,0.0,0.0,0.0,0.0
yahoo,organic,2,0.0,0.0,0.0,0.0,0.0
lm.facebook.com,referral,2,0.0,0.0,0.0,0.0,0.0
reddit.com,referral,4,0.0,0.0,0.0,0.0,0.0
google.com.tw,referral,1,0.0,0.0,0.0,0.0,0.0
int.search.tb.ask.com,referral,1,0.0,0.0,0.0,0.0,0.0
docs.google.com,referral,1,0.0,0.0,0.0,0.0,0.0
bing,organic,1,0.0,0.0,0.0,0.0,0.0
away.vk.com,referral,1,0.0,0.0,0.0,0.0,0.0
pinterest.com,referral,1,0.0,0.0,0.0,0.0,0.0
dealspotr.com,referral,1,0.0,0.0,0.0,0.0,0.0
