customer_id,age,gender,contract_type,monthly_spend,tenure_months,num_complaints,last_login_days_ago,num_products,email_engagement,support_calls,churned,churn_probability,complaint_group
2001,41,Male,Monthly,168.93,57,0,100,1,0.8,6,0,0.393,No Complaints
2002,49,Female,Quarterly,28.04,42,2,118,3,0.77,0,0,0.402,1-2 Complaints
2003,38,Male,Monthly,190.01,18,2,12,2,0.79,8,0,0.387,1-2 Complaints
2004,38,Male,Monthly,69.1,1,0,114,1,0.54,4,0,0.538,No Complaints
2005,61,Male,Annual,38.01,42,3,45,2,0.18,1,0,0.423,3+ Complaints
2006,55,Female,Monthly,45.0,21,5,113,4,0.93,1,1,0.579,3+ Complaints
2007,42,Female,Annual,48.26,5,5,15,2,0.6,6,0,0.493,3+ Complaints
2008,49,Male,Quarterly,88.19,39,2,60,2,0.09,2,0,0.452,1-2 Complaints
2009,50,Male,Quarterly,92.05,22,0,43,2,0.28,8,0,0.417,No Complaints
2010,57,Female,Monthly,101.5,59,3,102,3,0.65,1,0,0.469,3+ Complaints
2011,62,Male,Annual,150.04,27,1,1,2,0.03,1,0,0.306,1-2 Complaints
2012,37,Male,Monthly,192.47,3,1,96,4,0.1,2,1,0.595,1-2 Complaints
2013,50,Female,Monthly,135.68,16,1,26,4,0.34,6,0,0.44,1-2 Complaints
2014,54,Male,Monthly,199.94,29,0,61,4,0.37,0,0,0.355,No Complaints
2015,54,Female,Quarterly,117.39,19,1,83,4,0.16,0,0,0.449,1-2 Complaints
2016,32,Female,Monthly,182.4,28,1,13,3,0.11,4,0,0.408,1-2 Complaints
2017,33,Male,Annual,159.54,46,3,114,4,0.48,5,1,0.56,3+ Complaints
2018,28,Male,Quarterly,164.78,40,0,37,4,0.87,0,0,0.136,No Complaints
2019,25,Male,Monthly,149.66,29,0,27,1,0.64,1,0,0.245,No Complaints
2020,53,Male,Annual,77.17,20,2,13,2,0.91,1,0,0.207,1-2 Complaints
2021,19,Female,Monthly,169.45,27,3,57,2,0.72,6,0,0.49,3+ Complaints
2022,29,Female,Annual,133.62,41,1,43,1,0.55,7,0,0.356,1-2 Complaints
2023,35,Male,Monthly,114.74,31,4,119,3,0.94,6,1,0.608,3+ Complaints
2024,24,Female,Quarterly,155.14,38,5,51,3,0.73,3,0,0.442,3+ Complaints
2025,38,Female,Annual,32.21,52,5,113,3,0.01,5,1,0.722,3+ Complaints
2026,55,Female,Monthly,170.34,7,3,86,2,0.45,5,1,0.622,3+ Complaints
2027,51,Male,Monthly,117.08,6,5,6,1,0.17,6,1,0.608,3+ Complaints
2028,58,Female,Monthly,124.54,41,3,45,1,0.17,9,1,0.596,3+ Complaints
2029,19,Female,Monthly,71.29,14,3,117,1,0.09,7,1,0.777,3+ Complaints
2030,60,Male,Annual,158.27,16,1,32,3,0.59,0,0,0.262,1-2 Complaints
2031,22,Female,Quarterly,163.18,11,5,72,4,0.67,7,1,0.603,3+ Complaints
2032,47,Female,Monthly,158.6,40,3,34,1,0.23,1,0,0.443,3+ Complaints
2033,59,Male,Quarterly,197.6,38,3,10,2,0.19,3,0,0.385,3+ Complaints
2034,46,Male,Quarterly,29.53,54,1,42,1,0.92,3,0,0.198,1-2 Complaints
2035,18,Female,Annual,133.83,25,0,69,3,0.66,5,0,0.345,No Complaints
2036,46,Male,Annual,161.74,5,0,94,1,0.28,8,1,0.552,No Complaints
2037,58,Female,Monthly,115.83,45,0,108,3,0.23,1,0,0.469,No Complaints
2038,43,Male,Monthly,44.89,36,0,103,4,0.52,5,0,0.476,No Complaints
2039,55,Male,Monthly,30.77,43,1,76,1,0.8,0,0,0.317,1-2 Complaints
2040,29,Male,Monthly,158.04,19,0,3,4,0.83,1,0,0.174,No Complaints
2041,21,Female,Monthly,27.89,46,5,23,4,0.88,8,0,0.465,3+ Complaints
2042,36,Female,Monthly,152.5,18,2,119,3,0.89,8,1,0.59,1-2 Complaints
2043,54,Male,Monthly,186.53,30,5,92,1,0.31,4,1,0.69,3+ Complaints
2044,39,Male,Annual,126.3,38,0,60,1,0.81,8,0,0.32,No Complaints
2045,40,Male,Monthly,24.13,45,3,69,3,0.7,3,0,0.444,3+ Complaints
2046,63,Female,Monthly,48.48,1,3,117,2,0.29,6,1,0.744,3+ Complaints
2047,32,Female,Monthly,56.78,45,3,50,4,0.77,1,0,0.36,3+ Complaints
2048,62,Female,Monthly,131.57,11,0,114,1,0.97,1,0,0.39,No Complaints
2049,55,Female,Quarterly,198.33,59,2,42,3,0.31,4,0,0.367,1-2 Complaints
2050,44,Female,Monthly,43.43,25,3,45,4,0.38,7,1,0.551,3+ Complaints
2051,35,Female,Monthly,169.19,44,3,59,1,0.19,3,0,0.527,3+ Complaints
2052,52,Female,Quarterly,37.05,21,3,107,1,0.38,1,1,0.547,3+ Complaints
2053,43,Male,Monthly,110.79,54,3,98,1,0.26,3,1,0.577,3+ Complaints
2054,22,Male,Annual,160.67,7,5,1,3,0.56,6,0,0.468,3+ Complaints
2055,62,Male,Monthly,66.49,54,5,45,3,0.72,0,0,0.41,3+ Complaints
2056,53,Male,Annual,71.91,32,1,91,3,0.67,9,0,0.477,1-2 Complaints
2057,27,Female,Annual,136.09,12,1,47,2,0.77,7,0,0.369,1-2 Complaints
2058,42,Male,Monthly,20.96,43,0,22,3,0.9,7,0,0.249,No Complaints
2059,36,Female,Annual,75.11,37,2,27,3,0.7,9,0,0.37,1-2 Complaints
2060,64,Female,Quarterly,129.28,53,3,95,4,0.0,9,1,0.665,3+ Complaints
2061,50,Female,Annual,164.36,44,1,71,1,0.83,5,0,0.324,1-2 Complaints
2062,25,Female,Monthly,181.71,26,2,87,4,0.39,9,1,0.625,1-2 Complaints
2063,39,Male,Quarterly,179.03,41,3,62,3,0.64,6,0,0.443,3+ Complaints
2064,37,Female,Quarterly,199.35,31,5,93,4,0.33,7,1,0.681,3+ Complaints
2065,61,Male,Monthly,110.99,45,3,74,4,0.33,7,1,0.588,3+ Complaints
2066,45,Male,Monthly,119.1,32,4,107,2,0.2,0,1,0.64,3+ Complaints
2067,20,Female,Monthly,34.0,15,3,13,2,0.86,7,0,0.405,3+ Complaints
2068,24,Male,Annual,21.04,33,5,72,1,0.94,7,0,0.512,3+ Complaints
2069,32,Female,Quarterly,69.5,38,1,81,2,0.84,3,0,0.322,1-2 Complaints
2070,25,Female,Quarterly,55.23,35,3,74,1,0.14,7,1,0.593,3+ Complaints
2071,24,Male,Annual,160.89,32,3,90,1,0.83,0,0,0.388,3+ Complaints
2072,52,Male,Annual,126.16,8,3,76,1,0.54,6,1,0.547,3+ Complaints
2073,63,Male,Annual,125.36,11,5,80,3,0.72,2,0,0.534,3+ Complaints
2074,48,Female,Monthly,181.64,55,3,27,2,0.33,6,0,0.459,3+ Complaints
2075,61,Male,Annual,174.94,23,2,101,4,0.04,6,1,0.634,1-2 Complaints
2076,45,Female,Quarterly,44.16,8,0,19,4,0.72,8,0,0.302,No Complaints
2077,20,Female,Monthly,136.8,25,4,66,3,0.77,3,0,0.497,3+ Complaints
2078,41,Male,Monthly,146.92,24,4,86,2,0.07,8,1,0.755,3+ Complaints
2079,49,Male,Annual,57.71,22,0,111,1,0.92,9,0,0.446,No Complaints
2080,51,Male,Quarterly,164.81,27,1,99,1,0.77,7,0,0.452,1-2 Complaints
2081,19,Male,Monthly,104.88,22,0,39,1,0.7,6,0,0.345,No Complaints
2082,52,Female,Annual,165.81,51,3,14,3,0.16,9,0,0.467,3+ Complaints
2083,56,Female,Quarterly,171.39,36,5,119,4,0.21,1,1,0.661,3+ Complaints
2084,43,Female,Monthly,103.32,30,0,5,3,0.38,2,0,0.264,No Complaints
2085,30,Female,Monthly,93.98,18,0,41,4,0.19,0,0,0.367,No Complaints
2086,63,Male,Monthly,42.0,14,1,77,2,0.83,5,0,0.436,1-2 Complaints
2087,29,Male,Quarterly,78.28,24,3,27,3,0.82,7,0,0.377,3+ Complaints
2088,18,Female,Monthly,199.17,50,5,110,1,0.27,0,1,0.642,3+ Complaints
2089,20,Female,Monthly,94.48,36,3,57,4,0.33,4,0,0.523,3+ Complaints
2090,24,Female,Quarterly,138.03,5,3,100,1,0.89,1,0,0.457,3+ Complaints
2091,40,Female,Quarterly,175.66,45,2,92,4,0.25,6,0,0.537,1-2 Complaints
2092,37,Male,Monthly,147.83,27,5,83,4,0.94,3,0,0.535,3+ Complaints
2093,22,Male,Monthly,68.33,43,5,77,2,0.49,5,1,0.616,3+ Complaints
2094,57,Female,Quarterly,23.91,1,2,58,2,0.02,5,1,0.57,1-2 Complaints
2095,33,Male,Quarterly,180.81,21,1,65,2,0.4,2,0,0.39,1-2 Complaints
2096,56,Male,Annual,58.06,5,4,84,1,0.12,5,1,0.678,3+ Complaints
2097,56,Male,Quarterly,32.22,10,3,27,4,0.45,4,0,0.43,3+ Complaints
2098,56,Female,Quarterly,118.87,38,5,111,4,0.19,8,1,0.75,3+ Complaints
2099,61,Female,Monthly,52.16,35,4,5,4,0.39,5,0,0.459,3+ Complaints
2100,26,Female,Monthly,171.28,20,0,101,3,0.33,4,0,0.521,No Complaints
2101,60,Male,Quarterly,115.73,50,3,29,1,0.45,9,0,0.442,3+ Complaints
2102,46,Male,Monthly,145.11,1,4,101,3,0.14,0,1,0.691,3+ Complaints
2103,22,Male,Monthly,191.42,32,4,45,2,0.47,4,0,0.516,3+ Complaints
2104,36,Female,Monthly,128.5,31,1,49,4,0.94,9,0,0.387,1-2 Complaints
2105,34,Male,Quarterly,192.29,12,4,4,4,0.33,4,0,0.442,3+ Complaints
2106,45,Male,Quarterly,94.9,17,4,78,1,0.56,6,1,0.572,3+ Complaints
2107,43,Female,Quarterly,21.81,23,5,9,3,0.83,2,0,0.344,3+ Complaints
2108,57,Female,Quarterly,47.18,26,2,20,4,0.32,5,0,0.389,1-2 Complaints
2109,38,Male,Monthly,199.41,27,3,104,1,0.89,4,0,0.524,3+ Complaints
2110,41,Male,Monthly,39.41,44,0,50,1,0.76,5,0,0.304,No Complaints
2111,41,Male,Annual,68.78,15,2,33,2,0.95,5,0,0.309,1-2 Complaints
2112,54,Male,Monthly,194.73,31,3,16,1,0.02,1,0,0.463,3+ Complaints
2113,18,Male,Monthly,71.77,20,3,87,3,0.89,4,0,0.5,3+ Complaints
2114,27,Male,Monthly,44.76,48,1,92,4,0.02,2,0,0.528,1-2 Complaints
2115,33,Female,Monthly,27.13,52,2,57,4,0.36,6,0,0.48,1-2 Complaints
2116,46,Male,Monthly,158.35,46,2,86,2,0.58,4,0,0.476,1-2 Complaints
2117,19,Female,Annual,25.14,42,2,46,4,0.61,7,0,0.389,1-2 Complaints
2118,37,Male,Annual,70.5,33,3,70,1,0.45,5,0,0.496,3+ Complaints
2119,37,Male,Monthly,20.02,14,5,116,3,0.94,0,1,0.58,3+ Complaints
2120,25,Female,Quarterly,72.41,48,0,70,1,0.99,4,0,0.228,No Complaints
2121,26,Male,Quarterly,32.55,40,3,92,3,0.7,2,0,0.435,3+ Complaints
2122,45,Female,Quarterly,151.65,38,0,1,1,0.09,9,0,0.356,No Complaints
2123,22,Female,Annual,196.15,54,2,104,2,0.73,1,0,0.376,1-2 Complaints
2124,52,Female,Monthly,123.53,46,3,92,1,0.76,1,0,0.448,3+ Complaints
2125,35,Male,Annual,29.45,21,4,29,4,0.38,3,0,0.454,3+ Complaints
2126,36,Male,Annual,164.08,53,3,63,4,0.72,5,0,0.394,3+ Complaints
2127,47,Female,Monthly,126.98,10,1,119,1,0.2,9,1,0.716,1-2 Complaints
2128,50,Male,Quarterly,149.46,42,4,106,4,0.81,2,0,0.479,3+ Complaints
2129,62,Female,Quarterly,197.18,5,3,37,3,0.15,8,1,0.579,3+ Complaints
2130,52,Male,Monthly,85.47,50,5,91,2,0.35,3,1,0.631,3+ Complaints
2131,43,Male,Monthly,103.05,44,0,8,2,0.3,1,0,0.248,No Complaints
2132,25,Female,Quarterly,176.35,54,5,69,1,0.66,6,0,0.512,3+ Complaints
2133,54,Male,Annual,50.01,15,5,105,2,0.9,1,0,0.529,3+ Complaints
2134,18,Male,Annual,118.47,56,1,37,3,0.23,8,0,0.398,1-2 Complaints
2135,57,Male,Monthly,59.35,53,3,70,4,0.93,7,0,0.446,3+ Complaints
2136,24,Female,Annual,114.07,7,0,34,4,0.65,6,0,0.319,No Complaints
2137,48,Female,Quarterly,105.16,57,3,74,2,0.82,9,0,0.45,3+ Complaints
2138,28,Female,Annual,55.83,36,4,37,4,0.91,0,0,0.295,3+ Complaints
2139,48,Female,Monthly,197.24,19,0,118,3,0.68,4,0,0.488,No Complaints
2140,45,Male,Quarterly,199.64,39,2,61,3,0.51,4,0,0.4,1-2 Complaints
2141,47,Female,Monthly,40.24,12,1,67,3,0.54,1,0,0.417,1-2 Complaints
2142,51,Female,Annual,150.94,36,2,101,3,0.24,6,1,0.572,1-2 Complaints
2143,24,Female,Quarterly,142.96,20,1,112,4,0.52,1,0,0.451,1-2 Complaints
2144,35,Male,Monthly,122.66,21,0,104,1,0.48,1,0,0.451,No Complaints
2145,51,Female,Quarterly,48.41,9,2,38,3,0.34,2,0,0.406,1-2 Complaints
2146,62,Female,Annual,120.35,25,2,51,3,1.0,7,0,0.35,1-2 Complaints
2147,45,Male,Monthly,49.9,3,2,67,3,0.42,8,1,0.601,1-2 Complaints
2148,35,Female,Annual,121.02,6,2,94,1,0.13,0,0,0.54,1-2 Complaints
2149,22,Female,Monthly,176.54,7,3,26,3,0.93,7,0,0.431,3+ Complaints
2150,32,Male,Annual,105.88,58,1,65,2,0.74,7,0,0.336,1-2 Complaints
2151,42,Female,Monthly,173.91,48,1,76,2,0.71,7,0,0.431,1-2 Complaints
2152,21,Male,Quarterly,70.81,14,2,109,4,0.53,7,1,0.583,1-2 Complaints
2153,48,Male,Quarterly,68.15,19,2,28,4,0.94,9,0,0.354,1-2 Complaints
2154,29,Male,Monthly,124.92,28,0,94,1,0.35,2,0,0.459,No Complaints
2155,53,Male,Monthly,28.11,40,3,10,2,0.16,3,0,0.437,3+ Complaints
2156,60,Female,Monthly,94.88,13,0,71,2,0.18,1,0,0.455,No Complaints
2157,50,Male,Quarterly,71.11,53,5,93,1,0.29,4,1,0.607,3+ Complaints
2158,47,Female,Quarterly,130.37,14,2,89,3,0.35,1,0,0.487,1-2 Complaints
2159,46,Female,Monthly,129.17,38,3,14,3,0.62,2,0,0.342,3+ Complaints
2160,57,Female,Quarterly,178.1,23,4,85,3,0.11,8,1,0.697,3+ Complaints
2161,28,Female,Quarterly,98.57,19,5,40,4,0.88,9,0,0.511,3+ Complaints
2162,62,Male,Annual,155.17,5,3,82,3,0.53,5,1,0.552,3+ Complaints
2163,52,Female,Quarterly,149.9,5,2,63,2,0.73,7,0,0.462,1-2 Complaints
2164,50,Female,Monthly,106.46,34,5,107,2,0.82,5,1,0.627,3+ Complaints
2165,29,Male,Monthly,154.47,32,1,7,1,0.86,8,0,0.299,1-2 Complaints
2166,45,Female,Annual,194.86,2,2,88,1,0.58,8,1,0.564,1-2 Complaints
2167,59,Female,Monthly,129.62,1,1,46,3,0.28,2,0,0.458,1-2 Complaints
2168,43,Male,Quarterly,115.86,12,1,53,3,0.06,8,0,0.538,1-2 Complaints
2169,24,Female,Quarterly,156.77,58,2,64,2,0.26,9,0,0.5,1-2 Complaints
2170,23,Male,Annual,198.07,6,2,50,4,0.51,3,0,0.417,1-2 Complaints
2171,18,Male,Annual,50.01,59,3,93,4,0.05,6,1,0.595,3+ Complaints
2172,52,Male,Quarterly,143.8,3,5,99,3,0.69,9,1,0.698,3+ Complaints
2173,37,Female,Monthly,143.84,24,4,72,4,0.34,1,1,0.567,3+ Complaints
2174,39,Male,Quarterly,157.92,38,5,76,4,0.6,8,1,0.595,3+ Complaints
2175,21,Female,Quarterly,155.91,32,1,100,1,0.28,2,0,0.469,1-2 Complaints
2176,44,Male,Monthly,41.25,17,3,69,4,0.92,2,0,0.431,3+ Complaints
2177,40,Male,Quarterly,158.21,31,2,22,4,0.35,2,0,0.334,1-2 Complaints
2178,21,Female,Annual,104.59,55,3,6,4,0.14,4,0,0.373,3+ Complaints
2179,49,Male,Quarterly,43.88,34,2,36,1,0.7,3,0,0.303,1-2 Complaints
2180,44,Female,Monthly,136.63,8,2,97,1,0.86,6,0,0.537,1-2 Complaints
2181,56,Male,Monthly,48.19,40,0,16,1,0.04,9,0,0.444,No Complaints
2182,60,Female,Quarterly,160.71,1,1,3,2,0.54,9,0,0.372,1-2 Complaints
2183,27,Male,Monthly,41.65,24,1,81,1,0.09,5,1,0.576,1-2 Complaints
2184,46,Female,Quarterly,88.85,15,4,94,4,0.78,8,1,0.595,3+ Complaints
2185,20,Female,Annual,73.97,24,1,34,2,0.19,9,0,0.468,1-2 Complaints
2186,54,Male,Annual,165.84,18,2,72,2,0.94,4,0,0.372,1-2 Complaints
2187,51,Male,Quarterly,148.1,17,2,30,2,0.36,5,0,0.417,1-2 Complaints
2188,32,Female,Monthly,199.46,10,3,68,1,0.86,4,0,0.483,3+ Complaints
2189,62,Female,Annual,68.7,39,4,30,1,0.8,3,0,0.342,3+ Complaints
2190,33,Female,Monthly,35.56,18,1,49,2,0.42,6,0,0.468,1-2 Complaints
2191,49,Male,Quarterly,180.11,8,4,38,2,0.52,6,0,0.512,3+ Complaints
2192,24,Male,Annual,70.94,5,1,23,1,0.93,4,0,0.254,1-2 Complaints
2193,51,Male,Quarterly,42.95,24,2,107,1,0.52,4,0,0.519,1-2 Complaints
2194,30,Male,Monthly,176.41,38,3,13,1,0.83,9,0,0.403,3+ Complaints
2195,59,Male,Annual,74.52,20,0,88,1,0.28,1,0,0.409,No Complaints
2196,26,Male,Monthly,63.23,8,4,115,2,0.22,1,1,0.707,3+ Complaints
2197,49,Female,Quarterly,50.6,17,5,98,4,0.35,4,1,0.666,3+ Complaints
2198,56,Male,Annual,151.91,3,1,90,4,0.21,2,0,0.511,1-2 Complaints
2199,27,Female,Monthly,182.89,56,5,113,3,0.58,9,1,0.711,3+ Complaints
2200,58,Female,Quarterly,132.42,42,0,78,1,0.35,8,0,0.442,No Complaints
2201,64,Female,Monthly,85.71,11,3,30,2,0.78,4,0,0.418,3+ Complaints
2202,58,Female,Quarterly,145.81,17,1,45,2,0.5,8,0,0.425,1-2 Complaints
2203,20,Male,Quarterly,149.48,23,4,21,4,0.05,9,1,0.59,3+ Complaints
2204,18,Female,Annual,89.72,56,0,62,3,0.67,6,0,0.292,No Complaints
2205,27,Male,Monthly,36.48,19,5,16,3,0.42,1,0,0.483,3+ Complaints
2206,47,Female,Annual,146.5,56,5,91,3,0.26,7,1,0.649,3+ Complaints
2207,60,Female,Quarterly,70.75,53,1,46,2,0.63,1,0,0.237,1-2 Complaints
2208,25,Female,Monthly,103.81,52,4,18,3,0.29,6,0,0.493,3+ Complaints
2209,29,Male,Monthly,42.12,44,3,39,1,0.7,5,0,0.413,3+ Complaints
2210,18,Female,Quarterly,106.12,46,5,16,2,0.5,2,0,0.387,3+ Complaints
2211,52,Female,Annual,35.6,24,5,1,1,0.52,1,0,0.373,3+ Complaints
2212,40,Male,Monthly,81.11,46,2,45,4,0.5,3,0,0.392,1-2 Complaints
2213,32,Female,Quarterly,117.71,4,3,95,2,0.17,7,1,0.682,3+ Complaints
2214,30,Female,Quarterly,108.57,36,0,65,4,0.77,7,0,0.326,No Complaints
2215,28,Female,Monthly,121.59,45,4,36,4,0.7,3,0,0.415,3+ Complaints
2216,45,Male,Monthly,64.24,52,3,67,2,0.34,0,0,0.455,3+ Complaints
2217,35,Male,Monthly,120.24,43,1,53,4,0.81,5,0,0.342,1-2 Complaints
2218,34,Male,Monthly,115.02,23,3,101,2,0.88,1,0,0.481,3+ Complaints
2219,61,Female,Monthly,58.66,15,4,46,4,0.23,9,1,0.67,3+ Complaints
2220,36,Male,Monthly,70.92,1,5,98,3,0.36,2,1,0.711,3+ Complaints
2221,28,Female,Monthly,199.4,16,5,92,2,0.09,8,1,0.817,3+ Complaints
2222,38,Female,Quarterly,89.63,26,3,58,4,0.45,2,0,0.438,3+ Complaints
2223,34,Female,Annual,94.74,14,5,97,3,0.21,5,1,0.712,3+ Complaints
2224,42,Male,Monthly,151.46,1,5,81,4,0.39,1,1,0.654,3+ Complaints
2225,27,Male,Monthly,144.08,20,5,73,2,0.43,2,1,0.613,3+ Complaints
2226,46,Male,Annual,167.09,8,2,44,2,0.46,9,0,0.501,1-2 Complaints
2227,48,Male,Annual,169.24,55,3,115,3,0.07,4,1,0.614,3+ Complaints
2228,19,Male,Annual,59.55,48,4,39,1,0.26,6,0,0.499,3+ Complaints
2229,60,Female,Annual,128.54,18,2,70,3,0.2,6,1,0.546,1-2 Complaints
2230,21,Male,Annual,74.47,8,3,119,1,0.14,3,1,0.672,3+ Complaints
2231,53,Male,Monthly,166.35,24,2,78,4,0.74,1,0,0.42,1-2 Complaints
2232,28,Male,Quarterly,118.61,31,1,52,2,0.79,7,0,0.344,1-2 Complaints
2233,28,Female,Quarterly,103.22,8,5,111,1,0.91,8,1,0.656,3+ Complaints
2234,36,Male,Monthly,141.07,16,1,67,4,0.4,4,0,0.483,1-2 Complaints
2235,59,Male,Annual,97.04,24,3,3,4,0.26,6,0,0.424,3+ Complaints
2236,19,Male,Monthly,128.22,56,3,31,3,0.19,3,0,0.448,3+ Complaints
2237,43,Female,Monthly,84.27,56,2,63,1,0.33,3,0,0.447,1-2 Complaints
2238,32,Female,Quarterly,190.48,6,0,32,3,0.4,8,0,0.397,No Complaints
2239,57,Male,Quarterly,61.76,2,2,37,3,0.17,2,0,0.45,1-2 Complaints
2240,59,Female,Monthly,188.0,30,1,3,2,0.93,9,0,0.295,1-2 Complaints
2241,25,Male,Quarterly,196.4,29,0,107,4,0.65,2,0,0.375,No Complaints
2242,34,Female,Quarterly,61.22,33,1,70,2,0.38,2,0,0.385,1-2 Complaints
2243,28,Female,Quarterly,124.83,7,0,47,3,0.09,3,0,0.413,No Complaints
2244,46,Male,Monthly,47.22,58,4,51,1,0.68,4,0,0.444,3+ Complaints
2245,42,Male,Annual,91.94,9,0,31,2,0.82,5,0,0.261,No Complaints
2246,25,Female,Quarterly,60.3,44,4,13,2,0.51,9,0,0.447,3+ Complaints
2247,43,Female,Quarterly,38.74,11,0,114,2,0.27,2,0,0.495,No Complaints
2248,44,Male,Monthly,127.81,18,0,20,2,0.66,9,0,0.365,No Complaints
2249,46,Female,Annual,93.22,5,5,2,1,0.4,7,0,0.521,3+ Complaints
2250,29,Female,Monthly,94.46,7,3,31,3,0.34,0,0,0.455,3+ Complaints
2251,42,Male,Monthly,197.78,12,2,58,2,0.7,7,0,0.496,1-2 Complaints
2252,51,Female,Monthly,136.39,36,1,10,3,0.62,4,0,0.287,1-2 Complaints
2253,36,Female,Monthly,83.39,10,5,19,1,0.88,6,0,0.487,3+ Complaints
2254,53,Male,Monthly,195.5,48,0,19,1,0.06,3,0,0.343,No Complaints
2255,40,Female,Monthly,132.28,19,5,88,1,0.85,3,1,0.577,3+ Complaints
2256,24,Male,Annual,69.63,19,1,44,4,0.82,9,0,0.371,1-2 Complaints
2257,58,Female,Monthly,193.18,42,3,52,1,0.91,9,0,0.461,3+ Complaints
2258,21,Male,Monthly,49.65,35,2,41,3,0.95,7,0,0.372,1-2 Complaints
2259,57,Female,Monthly,133.73,52,4,80,3,0.96,2,0,0.428,3+ Complaints
2260,23,Male,Monthly,57.19,52,2,63,4,0.92,5,0,0.366,1-2 Complaints
2261,63,Male,Annual,172.99,33,2,8,3,0.08,9,0,0.461,1-2 Complaints
2262,25,Male,Quarterly,20.63,40,4,103,1,0.13,3,1,0.627,3+ Complaints
2263,40,Male,Monthly,128.82,1,4,83,3,0.48,6,1,0.675,3+ Complaints
2264,23,Female,Annual,74.65,43,0,27,1,0.07,0,0,0.271,No Complaints
2265,51,Female,Monthly,113.8,10,2,74,3,0.95,9,0,0.513,1-2 Complaints
2266,40,Male,Quarterly,65.47,30,1,64,3,0.22,9,0,0.514,1-2 Complaints
2267,33,Female,Monthly,161.61,33,5,72,2,0.49,8,1,0.667,3+ Complaints
2268,24,Male,Monthly,164.24,23,4,48,4,0.54,2,0,0.494,3+ Complaints
2269,42,Female,Monthly,151.87,46,4,2,4,0.86,3,0,0.31,3+ Complaints
2270,52,Male,Monthly,91.47,17,1,42,2,0.18,5,0,0.488,1-2 Complaints
2271,52,Male,Monthly,68.94,28,3,2,2,0.94,0,0,0.24,3+ Complaints
2272,61,Male,Monthly,61.27,16,4,10,2,0.65,5,0,0.449,3+ Complaints
2273,58,Female,Annual,183.15,46,2,95,2,0.05,8,1,0.611,1-2 Complaints
2274,35,Female,Monthly,186.87,32,5,81,2,0.63,7,1,0.644,3+ Complaints
2275,47,Male,Quarterly,155.54,32,0,96,1,0.24,4,0,0.459,No Complaints
2276,58,Female,Quarterly,54.24,4,4,108,3,0.49,0,1,0.58,3+ Complaints
2277,35,Female,Monthly,196.08,33,3,86,2,0.15,2,1,0.594,3+ Complaints
2278,19,Male,Quarterly,192.85,59,0,115,3,0.53,1,0,0.35,No Complaints
2279,56,Female,Monthly,112.79,52,0,99,4,0.56,5,0,0.433,No Complaints
2280,54,Female,Annual,131.44,11,3,42,2,0.18,4,0,0.513,3+ Complaints
2281,54,Female,Quarterly,100.33,13,4,20,3,0.85,2,0,0.34,3+ Complaints
2282,62,Male,Quarterly,183.67,17,0,25,1,0.18,9,0,0.423,No Complaints
2283,64,Male,Quarterly,132.93,10,1,84,1,0.37,1,0,0.439,1-2 Complaints
2284,43,Male,Monthly,195.99,34,3,94,4,0.82,1,0,0.46,3+ Complaints
2285,40,Male,Monthly,150.54,52,0,79,1,0.44,5,0,0.415,No Complaints
2286,33,Female,Annual,127.09,48,0,104,4,0.02,9,1,0.568,No Complaints
2287,39,Male,Annual,171.98,45,2,119,3,0.96,0,0,0.361,1-2 Complaints
2288,29,Male,Quarterly,52.7,6,4,65,2,0.87,2,0,0.441,3+ Complaints
2289,56,Male,Monthly,107.8,21,0,1,4,0.37,4,0,0.303,No Complaints
2290,42,Male,Monthly,85.81,56,1,118,3,0.57,8,1,0.549,1-2 Complaints
2291,36,Female,Quarterly,132.59,29,0,102,1,0.39,0,0,0.386,No Complaints
2292,56,Male,Monthly,132.0,49,5,113,3,0.86,9,1,0.667,3+ Complaints
2293,20,Female,Monthly,58.7,33,0,60,3,0.08,8,0,0.524,No Complaints
2294,56,Male,Quarterly,185.39,23,2,78,3,0.16,3,0,0.517,1-2 Complaints
2295,32,Male,Quarterly,56.68,7,5,39,3,0.28,5,1,0.589,3+ Complaints
2296,23,Female,Monthly,74.53,57,2,2,1,0.18,8,0,0.423,1-2 Complaints
2297,37,Male,Quarterly,182.42,19,3,111,2,0.5,4,1,0.58,3+ Complaints
2298,22,Female,Monthly,109.61,21,5,113,1,0.24,2,1,0.732,3+ Complaints
2299,30,Male,Quarterly,111.53,37,4,14,1,0.13,7,0,0.507,3+ Complaints
2300,22,Male,Monthly,55.0,14,1,111,3,0.8,8,1,0.558,1-2 Complaints
2301,23,Male,Quarterly,131.82,45,1,3,2,0.7,2,0,0.161,1-2 Complaints
2302,56,Male,Annual,24.31,47,4,26,1,0.26,4,0,0.444,3+ Complaints
2303,21,Male,Monthly,188.13,29,4,10,4,0.16,0,0,0.45,3+ Complaints
2304,20,Male,Quarterly,115.04,20,3,97,2,0.13,5,1,0.638,3+ Complaints
2305,29,Male,Monthly,128.71,13,0,26,4,0.66,2,0,0.28,No Complaints
2306,64,Female,Monthly,145.38,17,5,81,1,0.99,7,1,0.597,3+ Complaints
2307,44,Male,Monthly,127.55,8,1,34,1,0.89,1,0,0.284,1-2 Complaints
2308,20,Female,Monthly,71.53,24,3,115,3,0.25,1,1,0.635,3+ Complaints
2309,23,Female,Quarterly,68.0,17,0,11,2,0.05,2,0,0.315,No Complaints
2310,47,Male,Quarterly,60.66,25,4,74,1,0.01,2,1,0.6,3+ Complaints
2311,25,Female,Quarterly,44.43,22,1,75,4,0.88,6,0,0.374,1-2 Complaints
2312,59,Male,Monthly,73.84,15,4,2,2,0.71,4,0,0.407,3+ Complaints
2313,25,Female,Quarterly,70.99,51,3,49,4,0.64,3,0,0.354,3+ Complaints
2314,18,Male,Annual,59.51,53,3,95,2,0.54,7,0,0.527,3+ Complaints
2315,27,Female,Monthly,144.0,48,2,72,2,0.8,0,0,0.34,1-2 Complaints
2316,24,Female,Annual,187.11,50,1,50,2,0.52,1,0,0.272,1-2 Complaints
2317,63,Female,Monthly,20.96,50,5,87,2,0.5,4,1,0.608,3+ Complaints
2318,18,Female,Quarterly,156.83,21,3,101,4,0.91,7,0,0.518,3+ Complaints
2319,47,Female,Monthly,95.68,30,4,111,1,0.73,4,1,0.605,3+ Complaints
2320,62,Female,Monthly,146.67,15,2,67,1,0.38,5,1,0.544,1-2 Complaints
2321,39,Male,Quarterly,136.29,33,2,9,1,0.31,8,0,0.402,1-2 Complaints
2322,41,Male,Annual,78.69,35,0,4,3,0.45,5,0,0.235,No Complaints
2323,61,Male,Monthly,196.79,44,0,93,2,0.13,3,0,0.489,No Complaints
2324,33,Male,Quarterly,94.86,42,2,12,4,0.71,6,0,0.283,1-2 Complaints
2325,32,Male,Monthly,60.2,20,5,78,3,0.09,9,1,0.796,3+ Complaints
2326,49,Female,Quarterly,169.41,4,1,48,1,0.12,5,0,0.484,1-2 Complaints
2327,30,Male,Quarterly,174.03,5,2,74,2,0.75,6,0,0.466,1-2 Complaints
2328,53,Male,Monthly,39.6,34,1,34,2,0.34,3,0,0.381,1-2 Complaints
2329,30,Female,Quarterly,123.32,11,4,10,2,0.59,6,0,0.434,3+ Complaints
2330,34,Female,Quarterly,177.92,46,5,51,3,0.84,1,0,0.377,3+ Complaints
2331,50,Male,Annual,78.1,14,1,41,1,0.11,3,0,0.425,1-2 Complaints
2332,22,Male,Monthly,31.38,12,1,32,3,0.22,5,0,0.468,1-2 Complaints
2333,25,Female,Monthly,135.26,32,4,93,1,0.25,1,1,0.615,3+ Complaints
2334,19,Male,Monthly,169.52,44,2,112,2,0.39,8,1,0.632,1-2 Complaints
2335,61,Female,Quarterly,56.03,32,2,4,4,0.24,8,0,0.407,1-2 Complaints
2336,24,Male,Monthly,139.13,54,1,10,4,0.74,2,0,0.203,1-2 Complaints
2337,47,Female,Quarterly,128.25,22,3,81,4,0.29,9,1,0.629,3+ Complaints
2338,51,Female,Monthly,34.71,19,5,24,4,0.8,8,0,0.528,3+ Complaints
2339,61,Male,Monthly,61.35,34,5,69,1,0.54,7,1,0.634,3+ Complaints
2340,62,Male,Annual,132.23,48,5,98,1,0.24,0,1,0.576,3+ Complaints
2341,51,Male,Monthly,189.4,4,1,108,3,0.83,9,1,0.577,1-2 Complaints
2342,43,Male,Monthly,154.61,41,2,105,4,0.23,4,1,0.594,1-2 Complaints
2343,55,Male,Annual,106.65,12,0,110,2,0.35,9,1,0.574,No Complaints
2344,55,Female,Monthly,57.02,32,2,116,1,0.66,3,0,0.531,1-2 Complaints
2345,55,Male,Quarterly,21.93,50,2,61,1,0.28,7,0,0.473,1-2 Complaints
2346,51,Female,Monthly,47.6,5,0,99,2,0.84,6,0,0.47,No Complaints
2347,51,Female,Quarterly,47.47,45,2,9,1,0.21,6,0,0.372,1-2 Complaints
2348,34,Male,Monthly,122.23,2,3,77,1,0.87,3,0,0.498,3+ Complaints
2349,44,Female,Annual,80.26,53,0,62,3,0.12,4,0,0.377,No Complaints
2350,31,Female,Monthly,89.65,41,1,71,3,0.93,8,0,0.404,1-2 Complaints
2351,51,Female,Monthly,58.52,41,0,27,4,0.34,3,0,0.315,No Complaints
2352,35,Male,Monthly,37.19,14,0,37,1,0.97,9,0,0.345,No Complaints
2353,43,Female,Monthly,141.74,6,3,18,3,0.4,1,0,0.432,3+ Complaints
2354,19,Male,Monthly,98.36,1,1,87,1,0.68,3,0,0.479,1-2 Complaints
2355,52,Male,Annual,77.65,9,4,82,4,0.59,5,1,0.573,3+ Complaints
2356,32,Male,Monthly,179.25,32,3,51,4,0.59,4,0,0.465,3+ Complaints
2357,23,Male,Quarterly,119.19,39,5,42,3,0.76,4,0,0.43,3+ Complaints
2358,35,Male,Monthly,174.69,43,0,118,4,0.47,7,0,0.535,No Complaints
2359,20,Male,Monthly,138.26,28,4,8,2,0.54,2,0,0.402,3+ Complaints
2360,29,Male,Annual,150.82,5,0,97,4,0.16,9,1,0.597,No Complaints
2361,27,Female,Monthly,45.01,22,1,80,4,0.65,5,0,0.465,1-2 Complaints
2362,26,Female,Annual,126.07,2,5,79,3,0.77,7,1,0.612,3+ Complaints
2363,50,Male,Monthly,164.4,13,4,32,3,0.59,3,0,0.482,3+ Complaints
2364,51,Female,Annual,123.48,54,5,95,3,0.08,3,1,0.637,3+ Complaints
2365,51,Female,Monthly,170.51,50,2,66,1,0.66,0,0,0.352,1-2 Complaints
2366,34,Male,Monthly,25.41,18,0,99,4,0.2,9,1,0.621,No Complaints
2367,38,Female,Monthly,119.26,3,4,80,4,0.22,1,1,0.643,3+ Complaints
2368,24,Male,Monthly,141.92,24,5,54,3,0.17,4,1,0.649,3+ Complaints
2369,47,Male,Monthly,135.95,26,1,1,4,0.97,1,0,0.17,1-2 Complaints
2370,60,Female,Monthly,164.95,33,3,34,3,0.2,8,1,0.566,3+ Complaints
2371,27,Male,Monthly,185.17,37,3,89,4,0.09,9,1,0.711,3+ Complaints
2372,26,Male,Annual,122.96,50,3,83,4,0.15,7,1,0.585,3+ Complaints
2373,19,Female,Monthly,147.98,31,0,71,2,0.09,3,0,0.473,No Complaints
2374,37,Female,Quarterly,54.9,50,5,117,2,0.74,5,1,0.587,3+ Complaints
2375,39,Female,Quarterly,158.25,54,0,44,4,1.0,0,0,0.102,No Complaints
2376,55,Male,Quarterly,193.12,5,5,108,2,0.69,3,1,0.624,3+ Complaints
2377,41,Male,Monthly,149.11,13,0,52,3,0.47,3,0,0.388,No Complaints
2378,62,Male,Quarterly,111.9,18,0,40,4,0.55,4,0,0.303,No Complaints
2379,32,Male,Monthly,195.49,51,2,17,3,0.06,0,0,0.368,1-2 Complaints
2380,21,Female,Quarterly,154.92,7,2,108,3,0.1,3,1,0.618,1-2 Complaints
2381,61,Male,Monthly,24.19,47,4,115,4,0.99,8,1,0.593,3+ Complaints
2382,32,Female,Monthly,174.95,21,3,81,3,0.26,4,1,0.612,3+ Complaints
2383,38,Male,Annual,87.16,58,3,119,1,0.06,8,1,0.679,3+ Complaints
2384,24,Male,Annual,143.56,3,4,70,4,0.48,5,1,0.58,3+ Complaints
2385,39,Male,Quarterly,76.76,24,1,69,2,0.7,3,0,0.349,1-2 Complaints
2386,57,Male,Quarterly,65.02,28,2,98,3,0.15,8,1,0.628,1-2 Complaints
2387,52,Male,Quarterly,24.75,50,4,46,4,0.36,9,0,0.536,3+ Complaints
2388,23,Male,Quarterly,144.78,14,3,95,2,0.89,1,0,0.432,3+ Complaints
2389,44,Female,Annual,41.59,2,5,73,4,0.41,6,1,0.657,3+ Complaints
2390,31,Male,Monthly,60.49,47,1,110,2,0.06,1,1,0.544,1-2 Complaints
2391,62,Female,Quarterly,77.7,32,0,72,4,0.71,8,0,0.375,No Complaints
2392,31,Female,Monthly,55.31,34,1,85,1,0.6,0,0,0.39,1-2 Complaints
2393,50,Female,Monthly,110.92,4,3,6,1,0.59,6,0,0.448,3+ Complaints
2394,28,Female,Monthly,87.61,52,3,80,3,0.56,4,0,0.498,3+ Complaints
2395,20,Female,Quarterly,182.64,26,4,96,2,0.81,3,0,0.5,3+ Complaints
2396,49,Female,Monthly,137.84,4,4,23,1,0.6,4,0,0.491,3+ Complaints
2397,26,Male,Quarterly,106.44,31,0,99,1,0.18,4,0,0.479,No Complaints
2398,51,Female,Monthly,147.51,2,2,89,2,0.05,3,1,0.647,1-2 Complaints
2399,48,Male,Annual,42.53,28,5,86,3,0.8,2,0,0.502,3+ Complaints
2400,30,Male,Monthly,95.47,21,3,81,2,0.78,9,1,0.583,3+ Complaints
2401,57,Male,Monthly,48.34,25,5,65,2,0.26,3,1,0.637,3+ Complaints
2402,57,Male,Monthly,144.62,54,1,25,3,0.88,2,0,0.206,1-2 Complaints
2403,53,Male,Monthly,97.21,8,0,108,4,0.85,3,0,0.437,No Complaints
2404,29,Male,Quarterly,107.49,34,2,31,1,0.67,5,0,0.329,1-2 Complaints
2405,19,Female,Monthly,185.13,13,5,62,3,0.8,5,1,0.572,3+ Complaints
2406,55,Male,Quarterly,43.61,43,4,61,4,0.07,1,0,0.516,3+ Complaints
2407,46,Female,Monthly,77.42,39,5,56,3,0.31,6,1,0.63,3+ Complaints
2408,28,Female,Quarterly,57.68,55,1,100,4,0.07,4,0,0.503,1-2 Complaints
2409,51,Male,Quarterly,28.3,55,2,3,1,0.82,5,0,0.206,1-2 Complaints
2410,50,Male,Quarterly,157.78,57,0,109,1,0.56,7,0,0.425,No Complaints
2411,55,Female,Monthly,189.56,5,4,89,1,0.58,6,1,0.661,3+ Complaints
2412,36,Female,Quarterly,36.54,25,4,18,3,0.11,5,0,0.509,3+ Complaints
2413,57,Female,Monthly,89.1,36,3,8,4,0.83,9,0,0.396,3+ Complaints
2414,59,Male,Monthly,74.41,10,1,45,4,0.63,7,0,0.446,1-2 Complaints
2415,25,Female,Monthly,50.42,33,1,93,2,0.2,9,1,0.624,1-2 Complaints
2416,49,Male,Monthly,167.89,5,1,73,2,0.88,8,0,0.478,1-2 Complaints
2417,19,Male,Quarterly,156.99,49,2,28,3,0.35,1,0,0.302,1-2 Complaints
2418,37,Male,Monthly,87.11,46,5,68,3,0.79,8,1,0.577,3+ Complaints
2419,49,Male,Quarterly,144.76,39,0,13,4,0.96,2,0,0.1,No Complaints
2420,39,Male,Annual,165.53,27,2,29,4,0.63,8,0,0.389,1-2 Complaints
2421,49,Female,Monthly,36.81,23,3,90,2,0.74,1,0,0.486,3+ Complaints
2422,24,Female,Annual,90.32,16,0,53,3,0.0,1,0,0.399,No Complaints
2423,22,Female,Quarterly,64.01,51,3,83,1,0.96,1,0,0.331,3+ Complaints
2424,63,Female,Quarterly,175.27,36,1,102,1,0.25,7,1,0.548,1-2 Complaints
2425,51,Male,Monthly,96.79,52,4,24,2,0.24,0,0,0.425,3+ Complaints
2426,42,Male,Quarterly,90.1,50,5,10,4,0.1,1,0,0.433,3+ Complaints
2427,29,Male,Monthly,54.38,21,2,46,3,0.26,6,0,0.529,1-2 Complaints
2428,47,Male,Monthly,130.33,12,1,5,2,0.84,1,0,0.227,1-2 Complaints
2429,54,Male,Monthly,135.73,6,4,13,4,0.48,3,0,0.476,3+ Complaints
2430,40,Male,Annual,54.72,16,4,8,1,0.43,3,0,0.409,3+ Complaints
2431,37,Male,Quarterly,184.79,21,3,116,2,0.98,9,1,0.566,3+ Complaints
2432,44,Female,Monthly,199.36,34,5,30,3,0.03,8,1,0.67,3+ Complaints
2433,60,Female,Quarterly,39.51,28,1,117,2,0.75,4,0,0.447,1-2 Complaints
2434,39,Male,Annual,158.58,28,3,67,2,0.49,8,0,0.535,3+ Complaints
2435,27,Female,Monthly,108.65,38,5,80,3,0.17,7,1,0.724,3+ Complaints
2436,46,Male,Monthly,154.15,19,2,99,1,0.45,2,1,0.545,1-2 Complaints
2437,47,Male,Quarterly,27.66,8,5,86,1,0.84,7,1,0.603,3+ Complaints
2438,48,Male,Monthly,158.6,39,0,32,2,0.67,0,0,0.218,No Complaints
2439,54,Female,Monthly,184.57,50,0,112,2,0.39,7,0,0.527,No Complaints
2440,40,Female,Annual,24.61,13,1,39,3,0.55,9,0,0.425,1-2 Complaints
2441,40,Female,Quarterly,103.01,45,2,49,4,0.28,5,0,0.426,1-2 Complaints
2442,37,Female,Annual,123.54,56,3,65,3,0.62,4,0,0.398,3+ Complaints
2443,28,Female,Annual,103.95,54,2,7,2,0.19,6,0,0.357,1-2 Complaints
2444,22,Male,Quarterly,118.33,26,0,113,4,0.04,6,1,0.574,No Complaints
2445,46,Male,Quarterly,74.76,28,0,40,4,0.89,8,0,0.279,No Complaints
2446,49,Male,Monthly,60.08,59,3,98,4,0.89,1,0,0.413,3+ Complaints
2447,53,Female,Quarterly,92.13,1,3,24,3,0.58,9,0,0.487,3+ Complaints
2448,50,Male,Monthly,96.95,17,1,36,4,0.36,2,0,0.395,1-2 Complaints
2449,22,Female,Quarterly,115.33,40,2,96,3,0.75,0,0,0.363,1-2 Complaints
2450,29,Male,Quarterly,31.21,51,2,92,3,0.01,5,1,0.56,1-2 Complaints
2451,49,Female,Monthly,47.28,11,1,59,2,0.29,8,1,0.557,1-2 Complaints
2452,47,Male,Quarterly,64.96,27,4,106,4,0.32,3,1,0.617,3+ Complaints
2453,60,Male,Annual,73.47,57,3,23,4,0.99,3,0,0.22,3+ Complaints
2454,56,Male,Annual,124.4,11,2,14,1,0.8,7,0,0.336,1-2 Complaints
2455,37,Male,Monthly,163.1,9,2,117,3,0.08,3,1,0.688,1-2 Complaints
2456,23,Male,Monthly,58.33,32,2,31,2,0.34,5,0,0.448,1-2 Complaints
2457,48,Male,Annual,136.18,24,4,105,1,0.29,4,1,0.641,3+ Complaints
2458,27,Female,Quarterly,71.13,9,2,22,2,0.39,6,0,0.423,1-2 Complaints
2459,62,Female,Annual,35.94,42,2,74,1,0.32,7,0,0.505,1-2 Complaints
2460,36,Female,Quarterly,60.54,33,0,108,4,0.3,7,0,0.515,No Complaints
2461,45,Female,Quarterly,98.25,58,3,39,1,0.23,6,0,0.449,3+ Complaints
2462,35,Female,Monthly,144.58,37,5,97,4,0.53,9,1,0.719,3+ Complaints
2463,44,Male,Quarterly,117.27,24,3,101,3,0.03,6,1,0.674,3+ Complaints
2464,59,Male,Monthly,144.3,4,1,83,4,0.83,0,0,0.39,1-2 Complaints
2465,20,Female,Quarterly,53.96,57,5,98,4,0.79,9,1,0.586,3+ Complaints
2466,58,Female,Monthly,172.14,26,3,99,1,0.41,2,1,0.581,3+ Complaints
2467,23,Female,Quarterly,23.08,56,2,86,1,0.77,3,0,0.357,1-2 Complaints
2468,64,Male,Quarterly,60.35,4,5,47,4,0.53,7,1,0.59,3+ Complaints
2469,48,Female,Quarterly,131.85,45,2,92,1,0.12,7,1,0.578,1-2 Complaints
2470,54,Male,Annual,143.73,19,0,54,4,0.4,1,0,0.316,No Complaints
2471,33,Male,Monthly,173.36,36,5,101,4,0.55,8,1,0.71,3+ Complaints
2472,24,Male,Quarterly,197.54,47,1,111,3,0.39,8,0,0.535,1-2 Complaints
2473,35,Male,Monthly,20.2,47,5,85,2,0.24,3,1,0.646,3+ Complaints
2474,29,Female,Quarterly,79.12,7,5,51,2,0.4,0,0,0.515,3+ Complaints
2475,28,Male,Annual,142.25,9,3,59,2,0.43,3,0,0.487,3+ Complaints
2476,41,Male,Quarterly,179.15,20,0,51,3,0.89,3,0,0.24,No Complaints
2477,40,Female,Monthly,27.78,31,2,50,1,0.62,3,0,0.404,1-2 Complaints
2478,64,Male,Monthly,111.04,5,4,33,4,0.68,8,1,0.554,3+ Complaints
2479,52,Male,Monthly,144.1,13,1,97,2,0.39,8,1,0.612,1-2 Complaints
2480,36,Male,Monthly,95.63,33,5,14,2,0.92,7,0,0.445,3+ Complaints
2481,48,Female,Monthly,132.29,43,2,10,4,0.83,4,0,0.273,1-2 Complaints
2482,32,Male,Monthly,77.54,9,4,69,3,0.54,8,1,0.651,3+ Complaints
2483,46,Male,Quarterly,20.19,10,5,58,1,0.49,2,0,0.536,3+ Complaints
2484,48,Male,Annual,162.26,17,1,112,1,0.9,9,0,0.5,1-2 Complaints
2485,62,Female,Annual,170.01,33,5,22,2,0.63,6,0,0.455,3+ Complaints
2486,29,Female,Quarterly,159.54,32,4,59,1,0.93,4,0,0.404,3+ Complaints
2487,46,Female,Quarterly,160.31,56,0,98,4,0.3,5,0,0.426,No Complaints
2488,39,Male,Monthly,94.87,15,4,40,3,0.84,4,0,0.46,3+ Complaints
2489,62,Female,Annual,43.24,9,2,92,3,0.76,1,0,0.42,1-2 Complaints
2490,63,Male,Annual,136.76,45,5,70,4,0.15,1,1,0.556,3+ Complaints
2491,50,Female,Quarterly,162.72,16,4,37,3,0.79,3,0,0.397,3+ Complaints
2492,41,Female,Quarterly,186.29,16,2,33,1,0.47,0,0,0.328,1-2 Complaints
2493,33,Female,Quarterly,127.08,24,4,102,4,0.47,0,0,0.538,3+ Complaints
2494,19,Male,Annual,43.72,42,4,36,4,0.78,3,0,0.354,3+ Complaints
2495,61,Male,Monthly,198.72,28,2,40,3,0.95,0,0,0.277,1-2 Complaints
2496,59,Male,Quarterly,92.79,8,4,107,1,0.92,4,1,0.546,3+ Complaints
2497,64,Female,Monthly,176.07,11,3,23,2,0.76,1,0,0.363,3+ Complaints
2498,49,Male,Quarterly,22.14,59,4,95,2,0.12,3,1,0.581,3+ Complaints
2499,40,Male,Monthly,31.48,19,3,20,4,0.06,2,0,0.498,3+ Complaints
2500,18,Female,Monthly,111.08,20,3,36,1,0.91,7,0,0.435,3+ Complaints
2501,40,Female,Annual,79.05,5,3,32,3,0.87,5,0,0.379,3+ Complaints
2502,38,Male,Annual,102.71,6,2,92,3,0.98,2,0,0.396,1-2 Complaints
2503,44,Female,Quarterly,125.28,25,0,26,4,0.24,3,0,0.31,No Complaints
2504,29,Female,Monthly,97.33,5,5,63,3,0.67,3,1,0.584,3+ Complaints
2505,49,Female,Monthly,124.61,14,5,25,1,0.08,9,1,0.698,3+ Complaints
2506,33,Male,Monthly,136.23,9,4,48,4,0.9,2,0,0.445,3+ Complaints
2507,33,Male,Quarterly,130.32,8,1,37,3,0.99,6,0,0.296,1-2 Complaints
2508,46,Male,Quarterly,194.1,57,0,63,4,0.83,3,0,0.215,No Complaints
2509,27,Female,Quarterly,61.94,19,5,22,1,0.8,9,0,0.489,3+ Complaints
2510,60,Female,Monthly,89.38,34,4,89,2,0.79,2,0,0.511,3+ Complaints
2511,18,Male,Monthly,187.0,10,0,81,4,0.15,7,1,0.577,No Complaints
2512,63,Male,Monthly,57.59,41,3,38,2,0.2,5,0,0.516,3+ Complaints
2513,39,Female,Annual,60.15,33,4,20,1,0.58,2,0,0.361,3+ Complaints
2514,36,Male,Monthly,119.98,23,3,81,1,0.68,0,0,0.464,3+ Complaints
2515,39,Male,Monthly,45.73,48,0,30,2,0.44,2,0,0.274,No Complaints
2516,21,Male,Annual,168.9,36,5,19,4,0.4,4,0,0.46,3+ Complaints
2517,34,Male,Annual,153.08,54,3,23,3,0.5,4,0,0.338,3+ Complaints
2518,63,Male,Monthly,87.25,21,1,19,3,0.13,1,0,0.384,1-2 Complaints
2519,58,Male,Annual,65.34,32,1,1,4,0.13,7,0,0.368,1-2 Complaints
2520,20,Male,Monthly,85.33,21,5,13,1,0.21,4,1,0.56,3+ Complaints
2521,55,Male,Quarterly,29.04,7,1,108,3,0.37,0,0,0.479,1-2 Complaints
2522,59,Male,Annual,142.85,13,3,40,4,0.12,1,0,0.473,3+ Complaints
2523,25,Female,Monthly,154.74,52,0,56,4,0.56,7,0,0.373,No Complaints
2524,53,Female,Monthly,84.03,16,5,66,2,0.89,2,0,0.513,3+ Complaints
2525,64,Male,Monthly,141.36,39,2,97,2,0.19,7,1,0.634,1-2 Complaints
2526,25,Female,Annual,176.55,35,0,29,1,0.06,2,0,0.32,No Complaints
2527,48,Female,Quarterly,164.7,43,1,89,4,0.7,6,0,0.404,1-2 Complaints
2528,55,Female,Annual,141.22,17,1,39,4,0.37,9,0,0.454,1-2 Complaints
2529,46,Male,Quarterly,196.33,1,2,116,3,0.05,1,1,0.625,1-2 Complaints
2530,24,Male,Quarterly,153.87,16,5,91,2,0.95,2,0,0.503,3+ Complaints
2531,64,Male,Quarterly,192.37,9,5,49,4,0.49,6,1,0.579,3+ Complaints
2532,23,Female,Monthly,193.23,48,5,59,2,0.78,7,0,0.542,3+ Complaints
2533,42,Female,Monthly,35.78,46,1,102,1,0.09,2,0,0.538,1-2 Complaints
2534,47,Female,Monthly,140.29,25,5,59,3,0.15,8,1,0.721,3+ Complaints
2535,54,Male,Annual,135.62,20,5,97,4,0.7,7,1,0.634,3+ Complaints
2536,57,Male,Quarterly,131.53,56,5,60,2,0.69,3,0,0.439,3+ Complaints
2537,62,Female,Monthly,148.44,11,2,35,2,0.62,1,0,0.376,1-2 Complaints
2538,18,Male,Annual,59.36,6,5,90,3,0.06,8,1,0.786,3+ Complaints
2539,61,Male,Monthly,161.41,7,5,114,1,0.96,5,1,0.659,3+ Complaints
2540,19,Male,Quarterly,161.4,46,3,34,2,0.72,8,0,0.39,3+ Complaints
2541,21,Male,Quarterly,103.01,56,5,11,1,0.65,9,0,0.435,3+ Complaints
2542,47,Female,Monthly,90.61,57,4,47,2,0.84,4,0,0.405,3+ Complaints
2543,41,Female,Quarterly,161.0,53,2,93,3,0.28,8,1,0.549,1-2 Complaints
2544,59,Male,Quarterly,97.93,3,4,41,4,0.83,5,0,0.449,3+ Complaints
2545,18,Male,Monthly,175.71,32,4,73,2,0.47,3,1,0.56,3+ Complaints
2546,27,Female,Quarterly,165.34,38,3,16,1,0.33,1,0,0.339,3+ Complaints
2547,36,Male,Monthly,129.15,56,4,2,2,0.53,8,0,0.435,3+ Complaints
2548,34,Male,Monthly,143.17,49,3,56,1,0.53,0,0,0.399,3+ Complaints
2549,56,Female,Monthly,168.01,54,4,73,2,0.33,6,1,0.596,3+ Complaints
2550,21,Male,Monthly,106.03,36,0,38,4,0.11,7,0,0.452,No Complaints
2551,25,Male,Monthly,169.2,11,5,100,3,0.55,5,1,0.705,3+ Complaints
2552,23,Female,Annual,127.66,50,0,11,1,0.04,9,0,0.367,No Complaints
2553,42,Female,Quarterly,113.46,41,1,67,3,0.16,9,0,0.514,1-2 Complaints
2554,54,Male,Monthly,20.11,39,5,100,4,0.94,7,1,0.61,3+ Complaints
2555,26,Male,Monthly,127.69,26,5,2,4,0.85,1,0,0.356,3+ Complaints
2556,49,Female,Monthly,124.91,9,1,71,3,0.42,6,0,0.529,1-2 Complaints
2557,21,Male,Monthly,174.6,5,1,41,2,0.72,6,0,0.413,1-2 Complaints
2558,23,Male,Annual,58.08,24,0,14,2,0.58,2,0,0.203,No Complaints
2559,63,Female,Monthly,98.54,17,3,94,1,0.83,3,0,0.516,3+ Complaints
2560,40,Male,Annual,67.39,15,0,54,3,0.9,8,0,0.328,No Complaints
2561,23,Female,Quarterly,130.78,58,2,33,2,0.76,2,0,0.23,1-2 Complaints
2562,28,Female,Monthly,173.92,45,1,62,1,0.05,1,0,0.449,1-2 Complaints
2563,20,Female,Quarterly,50.99,11,3,98,1,0.37,4,1,0.592,3+ Complaints
2564,36,Male,Monthly,164.16,19,3,56,4,0.65,5,0,0.5,3+ Complaints
2565,40,Male,Quarterly,199.33,35,0,118,3,0.61,2,0,0.396,No Complaints
2566,53,Male,Annual,58.95,3,0,23,1,0.36,8,0,0.391,No Complaints
2567,60,Female,Monthly,53.21,20,5,76,4,0.28,2,1,0.649,3+ Complaints
2568,53,Male,Quarterly,58.45,29,1,3,1,0.81,4,0,0.196,1-2 Complaints
2569,20,Male,Annual,69.66,53,1,50,4,0.45,4,0,0.326,1-2 Complaints
2570,36,Male,Monthly,63.87,6,5,105,1,0.7,3,1,0.664,3+ Complaints
2571,49,Male,Annual,45.82,11,2,35,1,0.17,8,0,0.521,1-2 Complaints
2572,29,Male,Monthly,101.89,6,3,23,4,0.37,1,0,0.449,3+ Complaints
2573,57,Male,Quarterly,64.49,9,1,63,2,0.4,2,0,0.406,1-2 Complaints
2574,47,Male,Monthly,169.88,9,4,59,1,0.42,5,1,0.609,3+ Complaints
2575,33,Male,Monthly,126.4,53,1,58,1,0.77,8,0,0.388,1-2 Complaints
2576,43,Male,Monthly,38.23,47,0,38,1,0.1,5,0,0.406,No Complaints
2577,39,Male,Monthly,188.72,23,5,90,4,0.28,9,1,0.778,3+ Complaints
2578,35,Female,Monthly,51.66,41,2,20,2,0.93,4,0,0.277,1-2 Complaints
2579,24,Female,Monthly,37.2,33,5,56,3,0.81,5,0,0.525,3+ Complaints
2580,20,Male,Quarterly,89.88,29,3,72,4,0.24,8,1,0.594,3+ Complaints
2581,30,Male,Quarterly,35.94,13,1,65,1,0.68,2,0,0.348,1-2 Complaints
2582,52,Male,Annual,40.34,13,5,79,2,0.47,9,1,0.684,3+ Complaints
2583,53,Female,Monthly,187.2,45,2,97,4,0.02,3,1,0.598,1-2 Complaints
2584,44,Female,Monthly,188.81,42,0,97,2,0.85,4,0,0.372,No Complaints
2585,61,Male,Quarterly,107.9,48,4,67,2,0.06,3,1,0.553,3+ Complaints
2586,60,Female,Monthly,32.54,3,5,30,3,1.0,0,0,0.408,3+ Complaints
2587,30,Male,Monthly,66.85,50,4,88,2,0.67,1,0,0.491,3+ Complaints
2588,56,Female,Annual,117.88,35,1,16,4,0.24,1,0,0.282,1-2 Complaints
2589,46,Female,Annual,176.1,26,1,116,1,0.78,8,0,0.502,1-2 Complaints
2590,57,Female,Monthly,116.56,43,4,51,1,0.41,8,1,0.583,3+ Complaints
2591,38,Male,Monthly,106.21,26,2,75,3,0.16,4,1,0.571,1-2 Complaints
2592,24,Female,Monthly,158.29,31,4,83,1,0.65,3,1,0.546,3+ Complaints
2593,28,Male,Monthly,142.32,45,5,85,1,0.05,5,1,0.717,3+ Complaints
2594,61,Male,Annual,59.59,30,0,91,2,0.77,6,0,0.376,No Complaints
2595,41,Male,Monthly,60.74,10,4,71,4,0.74,4,1,0.553,3+ Complaints
2596,62,Male,Monthly,99.23,19,3,103,3,0.83,8,1,0.607,3+ Complaints
2597,60,Female,Monthly,107.56,51,1,20,3,0.05,1,0,0.352,1-2 Complaints
2598,63,Male,Monthly,146.11,15,1,36,1,0.7,2,0,0.33,1-2 Complaints
2599,57,Male,Monthly,88.93,33,4,97,2,0.79,5,1,0.574,3+ Complaints
2600,24,Female,Quarterly,173.76,10,2,62,1,0.64,4,0,0.424,1-2 Complaints
2601,44,Female,Annual,80.36,53,2,45,4,0.05,3,0,0.42,1-2 Complaints
2602,23,Male,Quarterly,168.06,1,5,103,2,0.3,6,1,0.743,3+ Complaints
2603,60,Male,Monthly,186.32,40,3,111,2,0.41,7,1,0.658,3+ Complaints
2604,32,Male,Annual,142.76,47,4,25,3,0.74,5,0,0.361,3+ Complaints
2605,18,Female,Quarterly,127.07,28,4,66,2,0.72,2,0,0.437,3+ Complaints
2606,48,Male,Monthly,167.84,48,1,81,4,0.72,7,0,0.44,1-2 Complaints
2607,64,Female,Quarterly,35.59,13,0,74,1,0.66,8,0,0.42,No Complaints
2608,30,Male,Monthly,47.66,22,4,110,3,0.73,6,1,0.647,3+ Complaints
2609,32,Female,Monthly,94.95,44,2,95,1,0.83,1,0,0.404,1-2 Complaints
2610,18,Male,Monthly,55.63,14,3,52,2,0.34,9,1,0.622,3+ Complaints
2611,42,Male,Annual,21.64,51,2,119,2,0.51,3,0,0.486,1-2 Complaints
2612,44,Female,Quarterly,127.16,36,5,76,2,0.85,4,0,0.488,3+ Complaints
2613,20,Female,Quarterly,65.42,25,5,98,3,0.26,0,1,0.61,3+ Complaints
2614,61,Male,Annual,116.57,20,2,49,1,0.2,0,0,0.409,1-2 Complaints
2615,62,Male,Monthly,49.11,8,3,107,3,0.68,2,1,0.574,3+ Complaints
2616,55,Female,Quarterly,27.02,3,5,65,2,0.02,0,1,0.626,3+ Complaints
2617,58,Female,Monthly,37.82,38,1,72,3,0.31,7,0,0.52,1-2 Complaints
2618,28,Female,Annual,172.41,13,1,45,3,0.8,3,0,0.297,1-2 Complaints
2619,42,Male,Monthly,81.65,45,2,2,3,0.22,7,0,0.42,1-2 Complaints
2620,64,Female,Quarterly,170.06,13,2,75,4,0.68,3,0,0.424,1-2 Complaints
2621,27,Female,Quarterly,198.91,51,0,53,1,0.58,6,0,0.299,No Complaints
2622,29,Female,Annual,100.74,3,2,32,3,0.61,1,0,0.335,1-2 Complaints
2623,21,Female,Annual,150.66,3,4,25,1,0.41,7,0,0.53,3+ Complaints
2624,33,Male,Monthly,97.07,34,1,88,3,0.66,0,0,0.385,1-2 Complaints
2625,62,Female,Quarterly,193.63,20,1,103,3,0.54,7,0,0.518,1-2 Complaints
2626,19,Female,Quarterly,167.79,48,4,8,1,0.21,9,0,0.49,3+ Complaints
2627,63,Male,Monthly,133.03,57,2,1,3,0.35,0,0,0.267,1-2 Complaints
2628,18,Male,Monthly,188.09,37,5,12,2,0.96,4,0,0.381,3+ Complaints
2629,23,Male,Monthly,155.18,30,5,30,3,0.02,5,1,0.634,3+ Complaints
2630,29,Male,Quarterly,178.82,54,4,53,1,0.63,4,0,0.414,3+ Complaints
2631,46,Female,Monthly,33.36,52,0,31,3,0.27,6,0,0.364,No Complaints
2632,37,Male,Monthly,84.54,57,3,84,2,0.84,4,0,0.442,3+ Complaints
2633,37,Male,Monthly,84.76,26,4,77,1,0.38,1,1,0.566,3+ Complaints
2634,19,Male,Monthly,185.0,23,2,82,4,0.94,8,0,0.495,1-2 Complaints
2635,20,Female,Monthly,143.77,16,5,80,2,0.1,8,1,0.79,3+ Complaints
2636,31,Male,Annual,104.43,20,1,103,3,0.5,0,0,0.421,1-2 Complaints
2637,39,Female,Annual,64.18,18,4,61,3,0.17,0,0,0.523,3+ Complaints
2638,22,Female,Monthly,188.94,59,3,35,2,0.64,2,0,0.347,3+ Complaints
2639,18,Female,Monthly,87.99,33,2,94,4,0.64,5,0,0.518,1-2 Complaints
2640,18,Female,Monthly,23.9,26,0,94,3,0.87,4,0,0.388,No Complaints
2641,18,Male,Monthly,42.59,29,5,50,1,0.83,7,1,0.545,3+ Complaints
2642,20,Female,Annual,116.37,10,1,28,1,0.51,4,0,0.34,1-2 Complaints
2643,22,Female,Quarterly,43.45,57,0,37,4,0.08,9,0,0.401,No Complaints
2644,41,Male,Monthly,27.69,45,2,44,2,0.59,0,0,0.329,1-2 Complaints
2645,22,Female,Monthly,57.79,24,0,91,2,0.69,8,0,0.482,No Complaints
2646,55,Female,Annual,86.43,18,1,40,2,0.57,3,0,0.324,1-2 Complaints
2647,42,Female,Monthly,132.12,23,1,55,4,0.28,9,1,0.545,1-2 Complaints
2648,43,Male,Annual,159.26,19,1,71,2,0.42,0,0,0.372,1-2 Complaints
2649,38,Male,Monthly,150.92,59,0,55,2,0.75,9,0,0.351,No Complaints
2650,19,Male,Annual,129.67,24,1,111,3,0.19,6,1,0.583,1-2 Complaints
2651,32,Male,Quarterly,115.38,4,5,74,4,0.36,3,1,0.62,3+ Complaints
2652,18,Female,Quarterly,129.73,44,1,81,3,0.89,3,0,0.302,1-2 Complaints
2653,39,Female,Annual,162.85,49,2,2,4,0.82,5,0,0.214,1-2 Complaints
2654,28,Female,Quarterly,142.85,43,4,111,3,0.43,7,1,0.639,3+ Complaints
2655,24,Male,Quarterly,54.86,1,4,12,1,0.59,6,0,0.455,3+ Complaints
2656,34,Male,Monthly,42.22,47,1,87,3,0.47,9,0,0.534,1-2 Complaints
2657,51,Female,Annual,139.87,50,4,8,3,0.07,1,0,0.394,3+ Complaints
2658,31,Male,Monthly,112.07,50,5,48,2,0.78,3,0,0.456,3+ Complaints
2659,34,Male,Monthly,175.73,41,0,57,4,0.43,1,0,0.329,No Complaints
2660,37,Male,Annual,58.18,15,0,28,4,0.9,7,0,0.258,No Complaints
2661,48,Male,Quarterly,24.31,41,4,21,3,0.55,4,0,0.385,3+ Complaints
2662,60,Female,Annual,152.68,8,1,48,3,0.65,4,0,0.357,1-2 Complaints
2663,29,Female,Monthly,85.77,42,4,80,3,0.71,4,0,0.525,3+ Complaints
2664,20,Male,Annual,198.51,55,5,116,3,0.31,9,1,0.723,3+ Complaints
2665,62,Female,Quarterly,189.19,10,1,36,4,0.12,3,0,0.419,1-2 Complaints
2666,32,Male,Monthly,25.78,45,2,49,1,0.18,1,0,0.436,1-2 Complaints
2667,58,Male,Quarterly,50.32,2,0,37,4,0.26,8,0,0.442,No Complaints
2668,50,Female,Annual,166.7,41,1,69,1,0.97,1,0,0.236,1-2 Complaints
2669,29,Male,Annual,86.84,47,3,49,1,0.77,8,0,0.41,3+ Complaints
2670,18,Female,Monthly,106.88,47,2,28,1,0.96,5,0,0.293,1-2 Complaints
2671,56,Male,Monthly,199.27,13,2,14,1,0.49,5,0,0.414,1-2 Complaints
2672,36,Female,Monthly,104.79,7,4,80,3,0.25,6,1,0.705,3+ Complaints
2673,20,Male,Quarterly,58.04,49,0,34,2,0.23,2,0,0.273,No Complaints
2674,19,Male,Annual,85.59,29,0,76,3,0.5,6,0,0.4,No Complaints
2675,31,Female,Monthly,171.79,11,0,77,3,0.07,4,0,0.538,No Complaints
2676,44,Female,Annual,155.41,24,1,110,3,0.21,9,1,0.622,1-2 Complaints
2677,41,Male,Monthly,43.99,1,3,93,2,0.27,6,1,0.698,3+ Complaints
2678,36,Male,Monthly,72.09,40,5,1,2,0.87,5,0,0.386,3+ Complaints
2679,56,Female,Monthly,144.3,54,2,115,3,0.75,8,1,0.55,1-2 Complaints
2680,41,Male,Monthly,97.07,28,3,119,1,0.76,8,1,0.639,3+ Complaints
2681,52,Male,Annual,31.59,11,2,38,2,0.68,9,0,0.44,1-2 Complaints
2682,63,Female,Monthly,39.17,40,1,55,3,0.41,8,0,0.476,1-2 Complaints
2683,51,Male,Monthly,116.93,44,1,57,2,0.79,7,0,0.382,1-2 Complaints
2684,64,Male,Quarterly,92.85,7,5,89,1,0.84,4,1,0.566,3+ Complaints
2685,52,Female,Monthly,193.32,46,0,15,3,0.76,3,0,0.198,No Complaints
2686,21,Female,Annual,28.02,37,5,47,4,0.27,4,0,0.542,3+ Complaints
2687,47,Male,Monthly,90.93,40,2,118,4,0.33,5,1,0.618,1-2 Complaints
2688,31,Male,Monthly,75.76,58,0,104,4,0.37,8,0,0.516,No Complaints
2689,42,Female,Annual,123.74,52,0,32,4,0.78,1,0,0.139,No Complaints
2690,48,Male,Monthly,93.52,33,3,100,1,0.46,0,0,0.531,3+ Complaints
2691,29,Female,Monthly,92.51,9,0,2,4,0.62,5,0,0.29,No Complaints
2692,33,Female,Monthly,179.64,8,0,77,4,0.25,6,0,0.537,No Complaints
2693,52,Male,Monthly,133.9,27,3,4,1,0.27,7,0,0.484,3+ Complaints
2694,23,Male,Annual,132.68,46,2,114,1,0.06,0,0,0.529,1-2 Complaints
2695,29,Female,Monthly,21.47,45,5,39,2,0.51,5,0,0.529,3+ Complaints
2696,39,Male,Quarterly,59.61,58,5,85,2,0.63,2,0,0.484,3+ Complaints
2697,61,Male,Annual,143.89,1,4,24,1,0.69,2,0,0.4,3+ Complaints
2698,42,Female,Quarterly,34.69,29,3,12,3,0.84,2,0,0.259,3+ Complaints
2699,23,Male,Quarterly,67.98,26,0,73,3,0.03,8,0,0.523,No Complaints
2700,58,Female,Monthly,27.34,30,4,108,3,0.72,6,1,0.631,3+ Complaints
2701,55,Female,Monthly,197.45,57,2,10,3,0.36,6,0,0.374,1-2 Complaints
2702,30,Male,Monthly,146.39,4,2,96,2,0.27,0,1,0.569,1-2 Complaints
2703,40,Female,Monthly,83.39,39,4,39,4,0.92,3,0,0.387,3+ Complaints
2704,22,Male,Monthly,92.61,55,0,39,3,0.38,6,0,0.354,No Complaints
2705,26,Female,Quarterly,52.17,48,0,50,1,0.54,4,0,0.276,No Complaints
2706,52,Female,Monthly,100.93,20,5,84,3,0.02,9,1,0.823,3+ Complaints
2707,32,Male,Quarterly,133.46,2,2,43,2,0.98,2,0,0.3,1-2 Complaints
2708,64,Male,Annual,199.84,27,4,52,2,0.88,7,0,0.452,3+ Complaints
2709,39,Male,Monthly,66.37,8,2,42,2,0.36,9,1,0.567,1-2 Complaints
2710,53,Male,Monthly,71.84,27,1,112,3,0.65,5,0,0.523,1-2 Complaints
2711,55,Male,Annual,165.23,49,3,61,3,0.09,0,0,0.447,3+ Complaints
2712,62,Male,Monthly,179.83,42,3,69,1,0.1,5,1,0.599,3+ Complaints
2713,50,Female,Quarterly,82.48,31,0,63,2,0.96,9,0,0.323,No Complaints
2714,36,Male,Quarterly,140.47,7,1,88,2,0.6,8,0,0.512,1-2 Complaints
2715,26,Female,Monthly,121.93,15,4,2,2,0.93,4,0,0.363,3+ Complaints
2716,64,Male,Monthly,139.34,35,0,84,3,0.58,9,0,0.486,No Complaints
2717,19,Male,Monthly,162.18,54,0,52,3,0.18,0,0,0.332,No Complaints
2718,48,Male,Monthly,157.25,37,5,6,4,0.28,0,0,0.445,3+ Complaints
2719,20,Male,Quarterly,36.92,38,5,107,1,0.45,8,1,0.69,3+ Complaints
2720,24,Female,Quarterly,156.74,56,0,62,4,0.95,4,0,0.206,No Complaints
2721,50,Male,Quarterly,67.2,36,3,91,2,0.37,6,1,0.566,3+ Complaints
2722,50,Male,Quarterly,79.96,8,3,105,4,0.4,5,1,0.62,3+ Complaints
2723,25,Male,Annual,108.48,19,2,34,4,0.01,4,0,0.477,1-2 Complaints
2724,22,Male,Quarterly,52.85,55,5,24,2,0.62,8,0,0.454,3+ Complaints
2725,36,Male,Annual,142.98,30,0,91,4,0.89,9,0,0.397,No Complaints
2726,39,Female,Monthly,105.5,29,2,94,2,0.58,6,1,0.552,1-2 Complaints
2727,22,Male,Monthly,162.62,22,1,102,3,0.12,9,1,0.677,1-2 Complaints
2728,35,Female,Quarterly,111.08,2,5,8,4,0.16,3,0,0.526,3+ Complaints
2729,57,Female,Monthly,162.84,59,1,100,4,0.49,4,0,0.462,1-2 Complaints
2730,54,Male,Monthly,159.97,30,5,2,3,0.85,1,0,0.349,3+ Complaints
2731,30,Male,Monthly,182.91,29,1,49,3,0.67,0,0,0.31,1-2 Complaints
2732,41,Male,Monthly,173.13,38,1,17,2,0.29,4,0,0.364,1-2 Complaints
2733,35,Male,Monthly,44.55,21,5,104,4,0.39,4,1,0.714,3+ Complaints
2734,44,Female,Monthly,77.0,17,5,21,1,0.16,2,1,0.563,3+ Complaints
2735,27,Female,Monthly,105.31,3,4,107,2,0.41,8,1,0.766,3+ Complaints
2736,48,Female,Monthly,182.41,1,4,105,3,0.8,8,1,0.687,3+ Complaints
2737,22,Female,Annual,114.3,30,0,59,2,0.67,9,0,0.374,No Complaints
2738,54,Male,Monthly,128.48,34,0,79,3,0.23,8,0,0.532,No Complaints
2739,42,Female,Monthly,47.33,51,0,12,4,0.01,7,0,0.393,No Complaints
2740,27,Female,Annual,140.32,37,2,33,2,0.56,0,0,0.275,1-2 Complaints
2741,31,Male,Annual,146.91,35,0,52,2,0.25,3,0,0.345,No Complaints
2742,42,Female,Monthly,42.26,14,2,73,1,0.24,1,0,0.526,1-2 Complaints
2743,33,Female,Monthly,126.8,29,4,65,3,0.01,1,1,0.61,3+ Complaints
2744,55,Male,Annual,104.1,20,1,97,4,0.45,6,0,0.509,1-2 Complaints
2745,36,Female,Monthly,59.78,15,1,105,4,0.74,7,0,0.541,1-2 Complaints
2746,30,Female,Monthly,106.27,4,2,110,1,0.84,6,1,0.574,1-2 Complaints
2747,49,Male,Annual,40.41,29,2,57,3,0.84,4,0,0.342,1-2 Complaints
2748,62,Male,Monthly,21.42,5,4,46,1,0.05,9,1,0.722,3+ Complaints
2749,31,Male,Monthly,165.18,40,0,43,4,0.35,9,0,0.438,No Complaints
2750,48,Male,Annual,96.74,19,1,60,1,0.43,3,0,0.392,1-2 Complaints
2751,45,Male,Monthly,72.68,50,5,72,2,0.74,1,0,0.484,3+ Complaints
2752,44,Female,Annual,178.62,57,1,70,1,0.1,9,0,0.506,1-2 Complaints
2753,35,Female,Annual,175.76,54,0,89,2,0.48,9,0,0.434,No Complaints
2754,64,Female,Quarterly,36.94,55,4,109,3,0.1,7,1,0.68,3+ Complaints
2755,44,Male,Monthly,166.17,54,5,56,1,0.77,1,0,0.438,3+ Complaints
2756,30,Male,Annual,130.37,17,5,85,2,0.17,0,1,0.615,3+ Complaints
2757,18,Male,Quarterly,154.25,14,5,116,2,0.96,7,1,0.631,3+ Complaints
2758,33,Female,Annual,64.13,27,2,66,1,0.88,4,0,0.356,1-2 Complaints
2759,38,Male,Annual,107.19,23,4,85,1,0.05,7,1,0.694,3+ Complaints
2760,55,Male,Annual,21.41,13,4,90,3,0.42,3,1,0.587,3+ Complaints
2761,29,Female,Quarterly,37.97,54,1,38,3,0.66,5,0,0.272,1-2 Complaints
2762,63,Male,Monthly,92.34,20,0,111,3,0.49,8,1,0.57,No Complaints
2763,32,Male,Annual,116.19,2,2,90,4,0.65,3,0,0.479,1-2 Complaints
2764,28,Male,Monthly,168.19,57,3,102,1,0.44,0,0,0.5,3+ Complaints
2765,25,Female,Monthly,121.34,33,1,46,4,0.93,9,0,0.38,1-2 Complaints
2766,55,Female,Monthly,120.39,6,0,104,2,0.44,1,0,0.484,No Complaints
2767,31,Female,Monthly,137.34,34,4,59,4,0.25,7,1,0.631,3+ Complaints
2768,53,Male,Monthly,136.59,14,0,20,4,0.39,4,0,0.35,No Complaints
2769,35,Female,Annual,131.18,49,5,102,2,0.63,0,0,0.505,3+ Complaints
2770,21,Male,Monthly,169.98,11,3,119,4,0.71,5,1,0.633,3+ Complaints
2771,33,Male,Monthly,174.85,34,2,6,1,0.58,6,0,0.36,1-2 Complaints
2772,33,Female,Monthly,109.71,21,3,40,2,0.71,6,0,0.466,3+ Complaints
2773,33,Female,Monthly,140.7,11,2,26,4,0.81,4,0,0.364,1-2 Complaints
2774,22,Male,Monthly,129.56,31,4,83,3,0.58,7,1,0.62,3+ Complaints
2775,26,Male,Annual,111.13,1,3,67,2,0.25,9,1,0.643,3+ Complaints
2776,44,Female,Annual,124.15,10,5,58,2,0.46,4,1,0.572,3+ Complaints
2777,36,Female,Monthly,151.12,36,3,88,3,0.82,3,0,0.474,3+ Complaints
2778,28,Male,Annual,156.2,28,2,69,2,0.72,5,0,0.408,1-2 Complaints
2779,56,Female,Annual,67.35,49,0,46,4,0.27,2,0,0.29,No Complaints
2780,42,Female,Monthly,181.1,25,3,10,2,0.26,1,0,0.412,3+ Complaints
2781,40,Male,Monthly,137.72,3,0,66,2,0.5,7,0,0.488,No Complaints
2782,30,Female,Monthly,145.66,41,2,118,1,0.1,5,1,0.662,1-2 Complaints
2783,20,Female,Monthly,99.4,53,0,118,3,0.74,0,0,0.36,No Complaints
2784,45,Female,Annual,88.22,1,4,46,1,0.63,4,0,0.488,3+ Complaints
2785,41,Female,Monthly,95.64,51,1,5,4,0.9,2,0,0.165,1-2 Complaints
2786,54,Female,Monthly,176.57,44,3,61,3,0.33,3,0,0.503,3+ Complaints
2787,21,Male,Annual,124.47,44,1,21,1,0.12,3,0,0.331,1-2 Complaints
2788,22,Male,Monthly,118.77,38,5,45,4,0.89,6,0,0.492,3+ Complaints
2789,19,Male,Annual,52.59,10,0,82,2,0.57,1,0,0.355,No Complaints
2790,62,Male,Monthly,157.23,42,0,62,1,0.77,9,0,0.39,No Complaints
2791,46,Male,Annual,190.33,56,0,30,4,0.63,6,0,0.233,No Complaints
2792,39,Male,Monthly,94.81,56,1,55,3,0.73,8,0,0.385,1-2 Complaints
2793,38,Female,Monthly,71.36,29,5,26,1,0.91,9,0,0.509,3+ Complaints
2794,44,Female,Quarterly,98.98,20,4,32,3,0.73,2,0,0.377,3+ Complaints
2795,48,Male,Quarterly,144.27,48,3,5,1,0.75,8,0,0.32,3+ Complaints
2796,46,Male,Annual,186.74,49,2,82,1,0.48,7,0,0.478,1-2 Complaints
2797,38,Male,Monthly,68.76,52,5,51,2,0.27,6,1,0.606,3+ Complaints
2798,43,Male,Monthly,171.59,13,4,4,1,0.29,8,1,0.559,3+ Complaints
2799,58,Male,Monthly,27.82,15,1,84,4,0.15,8,1,0.63,1-2 Complaints
2800,58,Female,Monthly,82.27,32,0,105,3,0.21,1,0,0.488,No Complaints
2801,44,Female,Quarterly,198.09,56,3,110,3,0.9,5,0,0.451,3+ Complaints
2802,53,Male,Monthly,59.33,34,3,54,4,0.82,3,0,0.407,3+ Complaints
2803,38,Male,Quarterly,103.62,5,5,114,4,0.5,4,1,0.689,3+ Complaints
2804,42,Female,Monthly,37.62,14,2,25,3,0.06,0,0,0.447,1-2 Complaints
2805,29,Female,Annual,121.58,30,2,52,1,0.88,9,0,0.397,1-2 Complaints
2806,31,Male,Monthly,25.55,4,4,15,1,0.26,9,1,0.618,3+ Complaints
2807,25,Female,Monthly,98.08,32,3,118,1,0.7,3,1,0.568,3+ Complaints
2808,53,Male,Annual,86.33,48,3,106,1,0.21,7,1,0.624,3+ Complaints
2809,62,Female,Monthly,181.27,25,4,59,1,0.89,2,0,0.443,3+ Complaints
2810,19,Female,Monthly,162.52,35,5,18,1,0.19,7,1,0.596,3+ Complaints
2811,60,Male,Monthly,166.13,59,3,94,2,0.24,4,1,0.58,3+ Complaints
2812,33,Male,Monthly,153.46,17,3,88,2,0.84,8,1,0.577,3+ Complaints
2813,44,Female,Annual,79.05,46,0,87,3,0.59,1,0,0.302,No Complaints
2814,54,Female,Monthly,154.31,20,2,36,1,0.42,8,0,0.508,1-2 Complaints
2815,21,Female,Annual,136.66,13,1,13,3,0.09,0,0,0.327,1-2 Complaints
2816,22,Female,Monthly,61.2,25,3,20,4,0.41,0,0,0.388,3+ Complaints
2817,31,Female,Monthly,66.62,18,2,112,3,0.95,5,0,0.518,1-2 Complaints
2818,20,Female,Quarterly,105.68,3,3,1,2,0.55,3,0,0.352,3+ Complaints
2819,64,Female,Annual,21.49,46,1,54,1,0.86,9,0,0.339,1-2 Complaints
2820,34,Female,Monthly,22.96,1,5,16,4,0.99,6,0,0.474,3+ Complaints
2821,35,Male,Annual,70.46,55,0,42,1,0.42,9,0,0.347,No Complaints
2822,51,Female,Monthly,83.69,25,3,74,3,0.71,9,1,0.576,3+ Complaints
2823,50,Female,Monthly,65.79,34,1,10,1,0.06,2,0,0.372,1-2 Complaints
2824,32,Male,Monthly,85.76,23,0,24,3,0.65,7,0,0.337,No Complaints
2825,27,Female,Monthly,117.81,9,5,98,3,0.96,8,1,0.667,3+ Complaints
2826,27,Male,Monthly,188.07,56,4,86,3,0.41,4,1,0.574,3+ Complaints
2827,34,Male,Monthly,75.16,26,4,97,1,0.23,9,1,0.758,3+ Complaints
2828,27,Female,Quarterly,157.6,22,2,65,3,0.92,6,0,0.385,1-2 Complaints
2829,41,Female,Quarterly,33.13,54,1,93,1,0.93,2,0,0.288,1-2 Complaints
2830,47,Female,Annual,165.2,17,5,27,3,0.17,3,0,0.539,3+ Complaints
2831,29,Male,Monthly,147.09,16,4,45,3,0.8,3,0,0.462,3+ Complaints
2832,25,Female,Quarterly,183.33,23,5,90,4,0.42,1,1,0.58,3+ Complaints
2833,61,Female,Monthly,156.65,51,2,63,1,0.43,1,0,0.405,1-2 Complaints
2834,22,Male,Monthly,147.82,33,0,3,4,0.75,4,0,0.211,No Complaints
2835,58,Male,Monthly,74.41,13,2,50,3,0.17,3,0,0.524,1-2 Complaints
2836,20,Female,Monthly,105.22,15,4,58,4,0.3,4,1,0.606,3+ Complaints
2837,54,Male,Quarterly,65.44,28,2,78,3,0.52,1,0,0.407,1-2 Complaints
2838,48,Female,Annual,62.75,15,2,12,1,0.7,3,0,0.285,1-2 Complaints
2839,25,Female,Monthly,68.56,40,0,10,1,0.66,7,0,0.277,No Complaints
2840,63,Female,Annual,42.45,55,5,19,4,0.19,6,0,0.5,3+ Complaints
2841,31,Male,Monthly,30.71,27,3,107,3,0.01,3,1,0.691,3+ Complaints
2842,51,Female,Quarterly,114.22,1,1,104,1,0.86,3,0,0.428,1-2 Complaints
2843,64,Female,Quarterly,73.34,43,1,96,3,0.78,4,0,0.372,1-2 Complaints
2844,27,Male,Monthly,93.33,55,2,110,4,0.98,5,0,0.447,1-2 Complaints
2845,34,Male,Monthly,126.17,31,1,38,2,0.33,3,0,0.396,1-2 Complaints
2846,57,Female,Monthly,116.78,40,1,105,1,0.33,7,1,0.581,1-2 Complaints
2847,51,Female,Annual,65.42,44,5,29,3,0.04,0,0,0.479,3+ Complaints
2848,25,Female,Quarterly,73.11,21,2,3,4,0.3,5,0,0.366,1-2 Complaints
2849,38,Male,Annual,26.07,5,3,9,3,0.51,9,0,0.463,3+ Complaints
2850,33,Female,Quarterly,103.8,32,4,27,1,0.45,8,0,0.493,3+ Complaints
2851,41,Female,Quarterly,165.11,6,3,87,2,0.3,2,1,0.561,3+ Complaints
2852,36,Female,Monthly,156.73,39,0,26,3,0.89,3,0,0.206,No Complaints
2853,53,Male,Monthly,77.12,18,3,107,3,0.23,2,1,0.647,3+ Complaints
2854,59,Male,Quarterly,87.04,27,0,78,3,0.81,9,0,0.39,No Complaints
2855,50,Male,Monthly,173.38,50,5,93,2,0.65,7,1,0.635,3+ Complaints
2856,22,Male,Annual,195.03,13,0,88,2,0.96,8,0,0.39,No Complaints
2857,19,Female,Annual,45.43,29,3,79,3,0.27,7,1,0.587,3+ Complaints
2858,51,Male,Monthly,113.3,30,2,61,3,0.34,4,0,0.499,1-2 Complaints
2859,35,Male,Annual,171.84,33,3,72,1,0.46,2,0,0.453,3+ Complaints
2860,58,Female,Annual,177.03,41,2,10,3,0.89,4,0,0.215,1-2 Complaints
2861,35,Male,Monthly,34.8,10,1,47,2,0.77,4,0,0.377,1-2 Complaints
2862,53,Male,Annual,117.84,17,2,13,3,0.12,6,0,0.445,1-2 Complaints
2863,20,Male,Quarterly,78.16,39,0,31,1,0.81,2,0,0.168,No Complaints
2864,38,Male,Monthly,45.27,18,4,41,2,0.39,8,1,0.607,3+ Complaints
2865,39,Male,Quarterly,58.29,29,5,18,2,0.5,6,0,0.479,3+ Complaints
2866,31,Male,Monthly,74.51,9,0,26,3,0.17,9,0,0.49,No Complaints
2867,25,Female,Monthly,124.15,20,2,101,4,0.61,2,0,0.515,1-2 Complaints
2868,31,Female,Monthly,61.02,17,5,66,2,0.29,5,1,0.676,3+ Complaints
2869,26,Male,Monthly,82.68,22,3,70,2,0.21,2,1,0.567,3+ Complaints
2870,54,Male,Annual,76.82,44,3,57,1,0.83,1,0,0.314,3+ Complaints
2871,20,Female,Monthly,36.97,56,1,5,2,0.01,5,0,0.38,1-2 Complaints
2872,43,Female,Annual,143.65,51,1,10,4,0.48,7,0,0.285,1-2 Complaints
2873,40,Male,Monthly,71.54,49,3,11,4,0.33,9,0,0.48,3+ Complaints
2874,42,Male,Monthly,175.93,36,4,43,4,0.94,2,0,0.382,3+ Complaints
2875,60,Male,Monthly,81.57,37,1,69,3,0.15,4,0,0.502,1-2 Complaints
2876,29,Female,Annual,22.06,12,2,112,4,0.43,7,1,0.612,1-2 Complaints
2877,34,Male,Annual,147.49,32,1,20,3,0.77,9,0,0.309,1-2 Complaints
2878,49,Female,Monthly,186.43,13,3,94,3,0.33,1,1,0.593,3+ Complaints
2879,23,Male,Monthly,150.84,58,1,49,3,0.81,7,0,0.338,1-2 Complaints
2880,36,Male,Quarterly,51.46,2,2,100,3,0.71,0,0,0.443,1-2 Complaints
2881,30,Female,Monthly,102.69,18,2,113,4,0.27,2,1,0.611,1-2 Complaints
2882,52,Male,Quarterly,147.03,14,1,65,4,0.43,1,0,0.381,1-2 Complaints
2883,39,Female,Annual,111.03,44,2,112,4,0.03,2,1,0.564,1-2 Complaints
2884,31,Male,Monthly,194.04,5,2,102,2,0.55,3,1,0.569,1-2 Complaints
2885,32,Female,Monthly,172.24,18,3,72,1,0.63,8,1,0.584,3+ Complaints
2886,22,Male,Quarterly,144.54,45,4,54,2,0.1,8,1,0.598,3+ Complaints
2887,35,Female,Monthly,104.86,28,0,81,1,0.66,2,0,0.37,No Complaints
2888,42,Male,Annual,190.7,49,1,51,4,0.18,2,0,0.359,1-2 Complaints
2889,29,Male,Monthly,172.12,25,5,7,2,0.24,6,1,0.565,3+ Complaints
2890,19,Female,Quarterly,194.34,36,1,3,3,0.19,6,0,0.338,1-2 Complaints
2891,27,Male,Monthly,121.58,23,4,25,1,0.76,4,0,0.432,3+ Complaints
2892,23,Female,Annual,147.09,40,4,40,1,0.57,5,0,0.438,3+ Complaints
2893,51,Male,Monthly,191.71,25,1,88,3,0.1,7,1,0.617,1-2 Complaints
2894,30,Female,Annual,116.37,35,3,26,3,0.52,3,0,0.357,3+ Complaints
2895,53,Female,Monthly,70.74,49,2,39,4,0.68,7,0,0.399,1-2 Complaints
2896,63,Female,Quarterly,177.29,39,5,31,2,0.69,1,0,0.377,3+ Complaints
2897,54,Male,Annual,69.66,59,2,73,2,0.0,3,0,0.479,1-2 Complaints
2898,38,Male,Monthly,126.11,30,2,75,3,0.2,1,0,0.511,1-2 Complaints
2899,30,Male,Monthly,61.23,4,0,110,3,0.03,8,1,0.687,No Complaints
2900,31,Female,Annual,60.43,44,2,98,3,0.82,9,0,0.482,1-2 Complaints
2901,43,Male,Quarterly,135.35,9,0,42,4,0.73,0,0,0.227,No Complaints
2902,39,Male,Annual,85.82,14,5,13,4,0.63,2,0,0.408,3+ Complaints
2903,52,Male,Annual,111.57,13,1,98,2,0.0,8,1,0.643,1-2 Complaints
2904,35,Male,Monthly,30.21,40,4,45,3,0.39,0,0,0.459,3+ Complaints
2905,28,Male,Annual,128.2,26,1,55,1,0.77,2,0,0.287,1-2 Complaints
2906,28,Female,Quarterly,55.32,42,4,88,2,0.92,3,0,0.434,3+ Complaints
2907,35,Male,Quarterly,69.65,35,5,110,1,0.31,8,1,0.729,3+ Complaints
2908,21,Female,Quarterly,144.83,42,0,62,2,0.12,0,0,0.335,No Complaints
2909,40,Female,Monthly,197.54,24,0,114,3,0.26,0,0,0.495,No Complaints
2910,23,Male,Monthly,154.61,14,5,75,4,0.95,4,1,0.553,3+ Complaints
2911,40,Male,Monthly,52.66,13,0,42,2,0.91,0,0,0.234,No Complaints
2912,59,Female,Monthly,58.79,23,0,107,2,0.38,6,1,0.549,No Complaints
2913,53,Male,Monthly,180.53,27,1,59,3,0.18,0,0,0.432,1-2 Complaints
2914,57,Male,Monthly,104.67,10,3,36,1,0.93,0,0,0.342,3+ Complaints
2915,18,Female,Annual,25.14,53,0,63,1,0.26,0,0,0.291,No Complaints
2916,43,Female,Monthly,86.23,30,3,58,4,0.73,7,0,0.5,3+ Complaints
2917,35,Female,Annual,121.93,1,4,59,2,0.85,6,0,0.501,3+ Complaints
2918,28,Female,Quarterly,121.19,26,1,33,4,0.8,9,0,0.34,1-2 Complaints
2919,62,Female,Monthly,47.16,34,2,46,4,0.69,2,0,0.361,1-2 Complaints
2920,29,Female,Monthly,58.52,23,0,98,2,0.4,9,1,0.571,No Complaints
2921,36,Female,Monthly,166.18,41,5,114,4,0.88,1,1,0.558,3+ Complaints
2922,26,Male,Quarterly,163.18,38,1,118,1,0.24,8,1,0.594,1-2 Complaints
2923,47,Male,Monthly,132.64,8,5,38,1,0.94,2,0,0.458,3+ Complaints
2924,51,Female,Monthly,126.61,14,1,58,4,0.78,1,0,0.346,1-2 Complaints
2925,29,Male,Annual,102.46,28,2,50,1,0.24,6,0,0.48,1-2 Complaints
2926,38,Male,Monthly,80.42,46,2,64,1,0.72,6,0,0.433,1-2 Complaints
2927,46,Male,Monthly,195.96,12,3,54,1,0.51,3,0,0.506,3+ Complaints
2928,52,Male,Quarterly,51.02,56,4,57,1,0.74,0,0,0.337,3+ Complaints
2929,39,Female,Monthly,51.34,42,0,29,4,0.96,9,0,0.283,No Complaints
2930,41,Male,Quarterly,196.05,21,1,31,4,0.67,4,0,0.296,1-2 Complaints
2931,24,Male,Annual,44.97,21,3,33,2,0.39,3,0,0.421,3+ Complaints
2932,47,Male,Quarterly,115.05,19,4,47,3,0.44,8,1,0.558,3+ Complaints
2933,26,Female,Monthly,143.76,2,1,80,1,0.34,4,1,0.545,1-2 Complaints
2934,34,Female,Quarterly,111.53,12,5,58,3,0.6,7,1,0.586,3+ Complaints
2935,29,Male,Monthly,138.31,7,1,113,1,0.02,2,1,0.64,1-2 Complaints
2936,36,Male,Monthly,47.47,51,3,62,1,0.17,4,0,0.54,3+ Complaints
2937,25,Female,Annual,53.82,20,1,9,2,0.62,4,0,0.261,1-2 Complaints
2938,37,Female,Annual,127.57,44,4,71,1,0.83,5,0,0.444,3+ Complaints
2939,52,Female,Annual,193.3,45,5,23,3,0.33,4,0,0.467,3+ Complaints
2940,60,Female,Monthly,48.36,50,3,109,1,0.84,8,1,0.566,3+ Complaints
2941,64,Female,Quarterly,42.77,42,4,38,3,0.88,1,0,0.308,3+ Complaints
2942,21,Male,Monthly,134.19,42,3,111,4,0.03,6,1,0.715,3+ Complaints
2943,64,Female,Annual,183.5,16,3,114,4,0.51,9,1,0.664,3+ Complaints
2944,47,Male,Monthly,139.03,36,4,7,1,0.66,1,0,0.348,3+ Complaints
2945,61,Female,Monthly,34.93,5,3,31,2,0.84,3,0,0.403,3+ Complaints
2946,39,Female,Monthly,106.76,10,2,78,4,0.94,8,0,0.508,1-2 Complaints
2947,45,Male,Monthly,193.44,49,4,27,4,0.84,2,0,0.347,3+ Complaints
2948,53,Male,Annual,119.05,26,5,14,1,0.19,4,0,0.508,3+ Complaints
2949,61,Male,Monthly,40.92,20,4,40,3,0.24,9,1,0.647,3+ Complaints
2950,49,Male,Monthly,43.12,39,4,115,1,0.6,1,1,0.58,3+ Complaints
2951,40,Male,Annual,180.32,49,5,77,2,0.22,3,1,0.58,3+ Complaints
2952,39,Male,Monthly,144.77,34,0,34,2,0.08,2,0,0.378,No Complaints
2953,39,Female,Annual,180.19,43,2,116,4,0.16,1,0,0.533,1-2 Complaints
2954,33,Male,Monthly,193.36,36,0,21,4,0.61,5,0,0.287,No Complaints
2955,25,Male,Annual,96.97,37,5,21,4,0.25,9,1,0.567,3+ Complaints
2956,42,Male,Quarterly,192.74,36,0,40,1,0.57,4,0,0.269,No Complaints
2957,18,Male,Monthly,199.83,55,5,2,1,0.28,2,0,0.436,3+ Complaints
2958,44,Male,Monthly,61.74,34,0,19,4,0.63,0,0,0.207,No Complaints
2959,38,Male,Annual,44.2,21,3,100,2,0.16,1,1,0.576,3+ Complaints
2960,27,Male,Annual,114.31,45,0,56,3,0.22,5,0,0.373,No Complaints
2961,58,Female,Quarterly,137.58,11,0,43,2,0.7,4,0,0.291,No Complaints
2962,19,Female,Monthly,69.2,26,1,27,3,0.47,5,0,0.384,1-2 Complaints
2963,30,Female,Quarterly,50.61,18,4,4,4,0.26,7,0,0.491,3+ Complaints
2964,42,Male,Monthly,134.96,52,0,110,4,0.61,4,0,0.43,No Complaints
2965,26,Female,Monthly,164.05,16,2,3,4,0.84,8,0,0.362,1-2 Complaints
2966,46,Male,Annual,127.2,25,1,4,1,0.59,7,0,0.294,1-2 Complaints
2967,32,Female,Quarterly,22.7,53,2,113,2,0.64,8,0,0.519,1-2 Complaints
2968,52,Female,Monthly,101.78,56,4,1,2,0.4,2,0,0.369,3+ Complaints
2969,40,Male,Monthly,179.79,42,0,92,2,0.83,5,0,0.381,No Complaints
2970,18,Female,Annual,146.17,8,1,110,4,0.67,5,0,0.497,1-2 Complaints
2971,42,Female,Quarterly,111.8,14,3,17,2,0.9,1,0,0.267,3+ Complaints
2972,20,Female,Quarterly,107.79,20,0,85,2,0.19,9,0,0.541,No Complaints
2973,48,Female,Annual,139.22,11,0,27,4,0.53,6,0,0.322,No Complaints
2974,34,Female,Monthly,68.7,11,2,101,4,0.41,3,1,0.585,1-2 Complaints
2975,33,Female,Monthly,148.94,47,1,55,1,0.51,0,0,0.324,1-2 Complaints
2976,55,Female,Monthly,98.66,54,5,17,3,0.25,8,1,0.565,3+ Complaints
2977,31,Male,Quarterly,77.25,16,2,83,3,0.55,6,0,0.506,1-2 Complaints
2978,45,Male,Quarterly,94.39,7,1,59,4,0.04,1,0,0.458,1-2 Complaints
2979,35,Male,Quarterly,71.66,33,0,17,3,0.95,4,0,0.15,No Complaints
2980,64,Female,Monthly,186.57,41,2,17,1,0.33,6,0,0.421,1-2 Complaints
2981,54,Male,Quarterly,30.86,42,5,72,2,0.2,1,1,0.555,3+ Complaints
2982,58,Female,Monthly,56.33,55,0,67,1,0.58,8,0,0.402,No Complaints
2983,20,Male,Monthly,191.18,21,4,116,1,0.86,5,1,0.62,3+ Complaints
2984,47,Female,Annual,116.84,14,0,27,2,0.73,8,0,0.307,No Complaints
2985,25,Female,Monthly,60.45,42,2,109,4,0.33,9,1,0.656,1-2 Complaints
2986,51,Female,Quarterly,87.83,27,5,7,1,0.13,4,0,0.504,3+ Complaints
2987,41,Female,Monthly,71.32,56,3,99,1,0.35,4,1,0.573,3+ Complaints
2988,33,Male,Quarterly,157.07,16,3,86,4,0.05,0,1,0.562,3+ Complaints
2989,25,Male,Annual,152.43,33,3,89,1,0.59,2,0,0.462,3+ Complaints
2990,48,Male,Quarterly,21.21,5,4,1,1,0.5,5,0,0.429,3+ Complaints
2991,40,Female,Quarterly,120.22,4,4,64,4,0.56,2,0,0.505,3+ Complaints
2992,53,Female,Quarterly,103.9,18,3,98,2,1.0,4,0,0.454,3+ Complaints
2993,44,Female,Monthly,95.88,47,1,81,3,0.16,6,0,0.538,1-2 Complaints
2994,52,Female,Quarterly,63.77,16,4,68,2,0.51,9,1,0.608,3+ Complaints
2995,57,Male,Monthly,134.77,9,4,59,1,0.13,1,1,0.607,3+ Complaints
2996,41,Male,Annual,198.28,42,0,65,4,0.04,6,0,0.447,No Complaints
2997,53,Male,Monthly,140.6,10,0,99,3,0.98,0,0,0.344,No Complaints
2998,52,Male,Monthly,131.06,11,0,19,3,0.72,7,0,0.332,No Complaints
2999,55,Male,Quarterly,52.29,31,2,4,2,0.03,7,0,0.436,1-2 Complaints
3000,62,Female,Monthly,70.94,15,3,87,1,0.96,3,0,0.479,3+ Complaints
