customer_id,age,gender,country,total_spent,num_purchases,last_purchase_days_ago,email_open_rate,channel,segment
1001,56,Male,France,82.14,23,91,0.26,Paid Social,Potential
1002,46,Female,Germany,488.58,16,18,0.42,Email,Champion
1003,32,Female,Hungary,86.4,3,149,0.6,Paid Social,Potential
1004,60,Female,Poland,604.13,25,227,0.51,Organic,At Risk
1005,25,Male,Germany,350.57,22,214,0.29,Organic,At Risk
1006,38,Male,Germany,408.57,9,360,0.01,Paid Social,At Risk
1007,56,Male,Hungary,4.54,29,151,0.5,Paid Social,Potential
1008,36,Male,Austria,822.93,15,192,0.29,Organic,At Risk
1009,40,Male,France,324.27,5,40,0.73,Paid Social,Champion
1010,28,Male,Hungary,90.87,23,242,0.02,Paid Social,Lost
1011,28,Male,Hungary,442.1,13,138,0.58,Organic,Champion
1012,41,Male,France,82.65,14,345,0.94,Paid Social,Lost
1013,53,Female,France,515.41,20,180,0.17,Organic,Champion
1014,57,Female,Hungary,29.86,15,200,0.47,Referral,Lost
1015,41,Male,Poland,304.08,16,203,0.09,Referral,At Risk
1016,20,Male,Hungary,194.51,23,61,0.63,Email,Champion
1017,39,Female,Germany,25.38,13,192,0.55,Organic,Lost
1018,19,Male,Poland,69.23,17,5,0.41,Email,Potential
1019,41,Male,Germany,3.12,23,237,0.52,Email,Lost
1020,61,Male,France,158.14,8,181,0.9,Email,Potential
1021,47,Female,Hungary,89.62,21,311,0.2,Organic,Lost
1022,55,Female,Hungary,228.05,2,37,0.02,Email,Champion
1023,19,Female,Poland,88.18,5,56,0.86,Email,Potential
1024,38,Female,Germany,89.14,6,237,0.58,Paid Social,Lost
1025,50,Female,Austria,339.86,12,358,0.89,Email,At Risk
1026,29,Male,Hungary,12.34,18,349,0.6,Paid Social,Lost
1027,39,Female,Hungary,582.99,22,197,0.81,Paid Social,At Risk
1028,61,Male,Hungary,478.08,22,73,0.43,Organic,Champion
1029,42,Male,France,275.51,1,59,0.75,Email,Champion
1030,44,Female,Hungary,224.87,17,240,0.91,Organic,At Risk
1031,59,Female,Austria,557.11,11,2,0.57,Paid Social,Champion
1032,45,Male,Germany,51.24,10,360,0.18,Organic,Lost
1033,33,Male,Poland,20.57,19,188,0.27,Paid Social,Lost
1034,32,Male,Hungary,68.45,14,307,0.2,Organic,Lost
1035,64,Female,Austria,395.67,26,30,0.25,Email,Champion
1036,61,Female,Austria,8.82,10,267,0.31,Email,Lost
1037,20,Female,Austria,218.55,15,108,0.56,Organic,Champion
1038,54,Female,Austria,1347.47,28,332,0.59,Organic,At Risk
1039,24,Female,Austria,483.96,19,90,0.43,Organic,Champion
1040,38,Male,France,184.25,4,205,0.62,Referral,At Risk
1041,26,Female,Hungary,16.44,2,220,0.08,Paid Social,Lost
1042,56,Male,Hungary,445.02,9,94,0.09,Paid Social,Champion
1043,35,Male,Poland,228.44,10,103,0.17,Organic,Champion
1044,21,Male,France,30.52,28,223,0.52,Email,Lost
1045,42,Female,Austria,24.64,11,186,0.21,Referral,Potential
1046,31,Female,Germany,600.95,14,184,0.28,Email,Champion
1047,26,Female,Hungary,276.56,7,162,0.4,Email,Champion
1048,43,Male,Hungary,441.94,23,247,0.81,Organic,At Risk
1049,19,Male,France,527.95,15,31,0.01,Organic,Champion
1050,37,Male,Germany,212.03,22,52,0.65,Organic,Champion
1051,45,Male,Hungary,182.17,19,345,0.67,Organic,At Risk
1052,64,Male,Germany,140.72,22,76,0.8,Organic,Potential
1053,24,Male,Hungary,95.3,15,278,0.93,Organic,Lost
1054,61,Female,Germany,142.55,28,40,0.02,Paid Social,Potential
1055,25,Female,Hungary,371.67,24,101,0.15,Referral,Champion
1056,64,Female,Austria,230.28,8,111,0.89,Email,Champion
1057,52,Female,Hungary,557.62,11,321,0.46,Email,At Risk
1058,31,Male,Germany,146.47,29,249,0.56,Email,Lost
1059,34,Male,Hungary,233.54,9,191,0.66,Organic,At Risk
1060,53,Female,Hungary,249.45,15,182,0.68,Email,Champion
1061,57,Male,Hungary,223.94,1,335,0.93,Organic,At Risk
1062,21,Female,Germany,303.2,1,209,1.0,Email,At Risk
1063,19,Female,France,67.77,19,22,0.72,Paid Social,Potential
1064,23,Female,Hungary,179.55,3,166,0.29,Referral,Champion
1065,59,Male,France,27.52,10,99,0.88,Organic,Potential
1066,21,Female,Austria,121.33,8,208,0.05,Organic,Lost
1067,46,Female,Austria,167.2,15,8,0.23,Referral,Potential
1068,35,Female,Hungary,264.05,10,190,0.9,Organic,At Risk
1069,43,Male,Germany,751.6,1,175,0.26,Email,Champion
1070,61,Male,Hungary,229.48,29,273,0.22,Email,At Risk
1071,51,Female,Hungary,340.25,18,17,0.14,Email,Champion
1072,27,Male,Poland,176.44,2,90,0.86,Referral,Champion
1073,53,Male,Hungary,251.35,19,141,0.5,Referral,Champion
1074,31,Male,Germany,18.39,13,145,0.67,Organic,Potential
1075,48,Male,France,73.39,22,166,0.24,Email,Potential
1076,32,Male,France,112.3,1,337,0.76,Email,Lost
1077,25,Male,Germany,159.9,2,78,0.76,Email,Potential
1078,31,Male,Hungary,11.68,29,262,0.31,Organic,Lost
1079,40,Male,Hungary,37.71,16,163,0.41,Email,Potential
1080,57,Male,Germany,81.02,15,14,0.21,Referral,Potential
1081,38,Male,Hungary,889.75,13,239,0.98,Referral,At Risk
1082,33,Female,Hungary,100.62,16,72,0.65,Paid Social,Potential
1083,62,Female,Hungary,164.46,17,143,0.93,Organic,Potential
1084,35,Male,Hungary,54.57,21,310,0.3,Paid Social,Lost
1085,64,Female,Hungary,235.9,29,283,0.78,Email,At Risk
1086,41,Female,Hungary,82.36,29,269,0.77,Email,Lost
1087,43,Male,Germany,57.98,7,241,0.69,Paid Social,Lost
1088,42,Male,France,181.71,24,245,0.97,Organic,At Risk
1089,62,Male,Austria,1.38,26,163,0.39,Paid Social,Potential
1090,58,Female,Hungary,1.92,17,60,0.13,Paid Social,Potential
1091,46,Female,Hungary,61.82,7,6,0.67,Referral,Potential
1092,32,Male,Hungary,9.35,13,197,0.73,Email,Lost
1093,62,Male,France,28.58,5,58,0.58,Paid Social,Potential
1094,18,Male,France,103.45,26,305,0.21,Paid Social,Lost
1095,42,Female,Hungary,405.61,17,217,0.5,Organic,At Risk
1096,24,Female,Poland,212.19,3,26,0.31,Referral,Champion
1097,26,Female,Hungary,179.7,7,303,0.43,Paid Social,At Risk
1098,41,Female,Germany,86.85,26,5,0.65,Paid Social,Potential
1099,18,Male,France,671.16,17,20,0.75,Paid Social,Champion
1100,61,Male,Austria,126.47,7,198,0.23,Email,Lost
1101,25,Male,France,22.78,21,59,0.41,Email,Potential
1102,41,Male,Austria,239.97,1,242,0.27,Email,At Risk
1103,28,Female,Hungary,30.21,17,146,0.2,Organic,Potential
1104,34,Female,Austria,105.87,17,273,0.78,Paid Social,Lost
1105,25,Male,Hungary,177.02,11,249,0.91,Organic,At Risk
1106,52,Male,Austria,518.31,25,14,0.37,Email,Champion
1107,52,Female,Germany,170.08,27,13,0.75,Organic,Potential
1108,50,Male,Austria,302.88,29,44,0.9,Paid Social,Champion
1109,22,Female,Germany,1234.0,3,19,0.85,Referral,Champion
1110,59,Male,France,35.24,15,63,0.18,Referral,Potential
1111,56,Male,Germany,80.3,29,239,0.96,Paid Social,Lost
1112,58,Male,France,125.46,21,337,0.38,Paid Social,Lost
1113,45,Male,Hungary,136.97,11,100,0.34,Organic,Potential
1114,24,Male,Hungary,132.34,26,163,0.06,Email,Potential
1115,26,Male,Hungary,595.44,28,122,0.49,Email,Champion
1116,25,Male,Hungary,312.97,16,44,0.11,Organic,Champion
1117,29,Female,Austria,234.06,25,360,0.25,Paid Social,At Risk
1118,51,Female,Hungary,92.54,22,317,0.32,Email,Lost
1119,50,Female,Poland,434.02,28,145,0.81,Referral,Champion
1120,40,Female,Hungary,775.61,9,327,0.88,Organic,At Risk
1121,41,Female,Hungary,430.37,24,363,0.3,Paid Social,At Risk
1122,54,Male,Austria,0.39,24,50,0.86,Organic,Potential
1123,52,Male,France,252.93,1,65,0.86,Organic,Champion
1124,61,Female,Germany,13.12,29,355,0.76,Referral,Lost
1125,57,Male,Germany,74.47,25,288,0.15,Email,Lost
1126,39,Female,France,15.34,22,164,0.69,Email,Potential
1127,44,Female,Hungary,231.46,16,141,0.95,Organic,Champion
1128,52,Male,Poland,290.06,9,314,0.68,Email,At Risk
1129,18,Male,Poland,30.4,19,128,0.33,Paid Social,Potential
1130,52,Male,France,121.06,12,239,0.5,Paid Social,Lost
1131,54,Female,Hungary,152.31,19,324,0.65,Paid Social,Lost
1132,64,Male,France,115.13,22,296,0.51,Organic,Lost
1133,31,Female,Hungary,32.25,9,187,0.12,Email,Lost
1134,20,Female,Hungary,135.73,7,208,0.31,Paid Social,Lost
1135,18,Female,Hungary,347.75,14,220,0.8,Organic,At Risk
1136,22,Male,Germany,18.41,29,190,0.86,Organic,Lost
1137,43,Male,Austria,20.89,19,346,0.14,Organic,Lost
1138,31,Female,France,109.54,19,284,0.95,Organic,Lost
1139,56,Male,France,710.65,2,352,0.33,Paid Social,At Risk
1140,44,Male,Germany,276.09,9,237,0.66,Email,At Risk
1141,26,Male,Hungary,283.82,13,194,0.75,Organic,At Risk
1142,32,Female,Hungary,112.32,15,287,0.81,Organic,Lost
1143,32,Female,Poland,225.14,3,259,0.95,Paid Social,At Risk
1144,43,Male,Hungary,2.55,11,246,0.31,Email,Lost
1145,59,Female,Austria,252.72,21,136,0.86,Paid Social,Champion
1146,30,Male,Germany,611.29,14,280,0.13,Paid Social,At Risk
1147,49,Male,Germany,237.06,25,271,0.71,Paid Social,At Risk
1148,56,Male,France,517.27,8,171,0.74,Organic,Champion
1149,49,Male,Germany,321.81,18,159,0.68,Organic,Champion
1150,21,Female,Austria,32.12,19,201,0.25,Email,Lost
1151,47,Female,Poland,581.86,16,45,0.87,Email,Champion
1152,54,Female,Germany,17.19,2,264,0.17,Paid Social,Lost
1153,40,Male,Hungary,190.87,8,71,0.05,Email,Champion
1154,56,Male,Germany,38.33,22,364,0.72,Email,Lost
1155,62,Male,Poland,2.94,6,103,0.48,Organic,Potential
1156,32,Female,Hungary,137.06,12,125,0.85,Paid Social,Potential
1157,60,Male,France,87.4,15,313,0.38,Organic,Lost
1158,46,Female,France,166.38,25,286,0.17,Organic,Lost
1159,53,Female,France,215.21,8,230,0.84,Email,At Risk
1160,30,Female,Hungary,11.18,4,146,0.55,Referral,Potential
1161,49,Female,France,32.81,15,197,0.19,Referral,Lost
1162,24,Female,Poland,204.47,28,221,0.72,Email,At Risk
1163,39,Female,Hungary,105.08,20,60,0.51,Organic,Potential
1164,45,Male,Hungary,326.57,25,98,0.6,Organic,Champion
1165,19,Male,Poland,264.1,17,171,0.46,Email,Champion
1166,59,Female,Hungary,467.06,13,173,0.83,Paid Social,Champion
1167,62,Female,Austria,294.81,18,151,0.83,Email,Champion
1168,23,Male,Germany,140.5,2,350,0.71,Email,Lost
1169,45,Female,Hungary,279.42,13,122,0.11,Email,Champion
1170,45,Female,Austria,80.53,13,108,0.84,Email,Potential
1171,61,Male,Germany,91.43,22,4,0.67,Organic,Potential
1172,61,Female,Germany,388.96,15,93,0.7,Email,Champion
1173,37,Female,Hungary,147.84,20,6,0.36,Referral,Potential
1174,47,Female,Germany,400.34,29,288,0.88,Organic,At Risk
1175,28,Male,Hungary,432.09,27,106,0.73,Email,Champion
1176,45,Male,Hungary,487.21,10,146,0.11,Paid Social,Champion
1177,42,Male,Poland,621.13,29,271,0.41,Referral,At Risk
1178,56,Female,Hungary,140.96,3,96,0.89,Organic,Potential
1179,50,Female,France,96.0,19,229,0.05,Paid Social,Lost
1180,18,Male,Hungary,218.19,3,202,0.96,Organic,At Risk
1181,44,Female,Austria,115.97,22,212,0.68,Email,Lost
1182,30,Female,Hungary,229.74,14,6,0.63,Organic,Champion
1183,58,Female,Poland,305.69,8,112,0.27,Organic,Champion
1184,20,Female,Germany,291.51,27,323,0.25,Paid Social,At Risk
1185,56,Female,Hungary,117.32,23,106,0.94,Referral,Potential
1186,23,Male,Hungary,45.64,4,139,0.3,Organic,Potential
1187,25,Female,Hungary,140.76,27,299,0.78,Organic,Lost
1188,44,Male,Germany,38.46,28,96,0.39,Email,Potential
1189,26,Female,Hungary,552.04,20,337,0.14,Paid Social,At Risk
1190,54,Male,Austria,106.12,11,297,0.01,Referral,Lost
1191,50,Female,Germany,41.94,26,214,0.54,Organic,Lost
1192,59,Male,Hungary,6.44,11,291,0.98,Email,Lost
1193,61,Female,France,259.49,27,22,0.37,Organic,Champion
1194,41,Male,France,253.27,11,193,0.36,Organic,At Risk
1195,32,Female,Hungary,104.11,2,150,0.34,Email,Potential
1196,49,Male,Hungary,18.6,17,247,0.52,Paid Social,Lost
1197,49,Female,Hungary,131.75,9,267,0.44,Email,Lost
1198,41,Male,France,93.21,28,251,0.88,Paid Social,Lost
1199,58,Male,France,282.62,28,3,0.51,Paid Social,Champion
1200,29,Female,Germany,232.71,2,316,0.51,Paid Social,At Risk
1201,56,Female,Austria,113.37,29,76,0.14,Referral,Potential
1202,19,Male,Austria,61.44,24,87,0.98,Organic,Potential
1203,20,Female,Germany,1106.46,15,270,0.25,Organic,At Risk
1204,54,Male,Austria,151.28,16,225,0.07,Paid Social,Lost
1205,34,Male,Hungary,291.41,25,18,0.66,Paid Social,Champion
1206,19,Male,Hungary,37.87,4,113,0.6,Organic,Potential
1207,19,Female,Hungary,166.18,8,251,0.42,Referral,Lost
1208,45,Male,Hungary,6.98,9,233,0.42,Organic,Lost
1209,40,Male,Germany,176.03,26,329,0.79,Referral,At Risk
1210,54,Female,Poland,831.18,26,279,0.2,Organic,At Risk
1211,49,Female,Hungary,121.21,5,202,0.82,Email,Lost
1212,50,Female,Hungary,9.94,16,83,0.65,Referral,Potential
1213,18,Female,Germany,7.86,13,125,0.42,Organic,Potential
1214,36,Male,Poland,122.75,7,175,0.46,Referral,Potential
1215,19,Male,Hungary,43.6,26,69,0.26,Paid Social,Potential
1216,61,Male,Germany,5.91,20,47,0.75,Referral,Potential
1217,43,Male,Hungary,352.87,17,256,0.51,Email,At Risk
1218,49,Female,Hungary,153.36,3,215,0.32,Paid Social,Lost
1219,23,Male,Poland,85.36,5,30,0.6,Organic,Potential
1220,49,Male,Poland,575.85,19,281,1.0,Paid Social,At Risk
1221,21,Female,Hungary,30.86,12,237,0.44,Organic,Lost
1222,28,Male,Poland,780.43,29,248,0.92,Organic,At Risk
1223,34,Male,France,94.21,27,25,0.35,Organic,Potential
1224,55,Male,Austria,548.22,7,74,0.05,Paid Social,Champion
1225,41,Male,Germany,230.92,28,206,0.2,Email,At Risk
1226,22,Male,Germany,438.19,9,314,0.42,Organic,At Risk
1227,51,Male,Germany,1034.0,28,94,0.22,Organic,Champion
1228,23,Female,France,85.06,6,127,0.0,Email,Potential
1229,39,Female,Hungary,811.92,29,25,0.92,Organic,Champion
1230,28,Male,Hungary,123.36,26,334,0.84,Organic,Lost
1231,33,Male,Hungary,121.74,17,355,0.74,Organic,Lost
1232,50,Female,France,104.03,16,116,0.17,Referral,Potential
1233,26,Male,Hungary,194.9,23,48,0.12,Email,Champion
1234,23,Male,France,41.85,3,226,0.07,Paid Social,Lost
1235,33,Male,Poland,201.7,21,266,0.72,Email,At Risk
1236,46,Female,Hungary,195.06,26,99,0.93,Paid Social,Champion
1237,20,Male,France,358.77,4,11,0.43,Email,Champion
1238,37,Female,Germany,448.42,10,85,0.12,Email,Champion
1239,53,Male,Austria,145.15,5,214,0.51,Email,Lost
1240,36,Female,Hungary,90.0,21,173,0.35,Organic,Potential
1241,43,Female,France,75.05,22,209,0.37,Organic,Lost
1242,20,Male,Austria,54.11,10,64,0.62,Paid Social,Potential
1243,36,Female,Poland,14.84,12,258,0.72,Referral,Lost
1244,37,Male,France,104.81,10,332,0.11,Paid Social,Lost
1245,49,Female,Germany,78.76,29,121,0.04,Email,Potential
1246,24,Male,France,848.44,13,298,0.99,Referral,At Risk
1247,58,Male,Austria,203.95,11,54,0.23,Organic,Champion
1248,50,Female,Germany,106.65,22,331,0.05,Email,Lost
1249,57,Male,Hungary,217.15,16,272,0.19,Email,At Risk
1250,56,Male,Poland,37.47,8,241,0.04,Referral,Lost
1251,35,Female,France,146.77,8,243,0.39,Referral,Lost
1252,57,Male,France,246.03,27,18,0.8,Email,Champion
1253,18,Male,Hungary,167.8,25,187,0.34,Organic,Lost
1254,28,Female,France,128.45,8,346,0.44,Email,Lost
1255,45,Female,Hungary,1272.76,13,144,0.68,Organic,Champion
1256,42,Male,France,530.72,27,262,0.51,Email,At Risk
1257,40,Male,Hungary,244.15,2,364,0.86,Referral,At Risk
1258,48,Female,France,210.63,12,239,0.87,Paid Social,At Risk
1259,47,Female,Poland,242.33,10,304,0.01,Email,At Risk
1260,59,Male,Hungary,56.2,12,298,0.78,Paid Social,Lost
1261,52,Female,Poland,125.69,11,76,0.46,Paid Social,Potential
1262,24,Male,Germany,10.06,15,188,0.99,Paid Social,Lost
1263,33,Male,Austria,161.35,16,333,0.48,Email,Lost
1264,43,Male,Austria,195.78,17,246,0.99,Referral,At Risk
1265,19,Male,Germany,64.61,26,130,0.75,Referral,Potential
1266,18,Male,France,831.26,2,315,0.25,Organic,At Risk
1267,29,Female,Austria,600.48,18,283,0.54,Referral,At Risk
1268,22,Female,Germany,320.16,12,79,0.99,Email,Champion
1269,54,Female,Hungary,190.56,19,72,0.86,Organic,Champion
1270,49,Female,France,510.0,26,263,0.1,Organic,At Risk
1271,26,Male,Austria,35.0,23,191,0.71,Organic,Lost
1272,58,Male,Austria,390.77,18,63,0.35,Referral,Champion
1273,52,Male,Austria,33.33,17,12,0.01,Email,Potential
1274,36,Male,Germany,395.23,6,141,0.4,Email,Champion
1275,33,Female,Austria,80.66,25,254,0.23,Organic,Lost
1276,20,Male,Hungary,524.08,15,43,0.82,Email,Champion
1277,37,Male,Germany,720.79,3,17,0.34,Organic,Champion
1278,41,Female,Hungary,40.28,6,63,0.83,Paid Social,Potential
1279,50,Female,Hungary,155.29,3,253,0.0,Email,Lost
1280,41,Female,Hungary,990.66,29,292,0.31,Organic,At Risk
1281,28,Female,Hungary,165.13,1,8,0.24,Email,Potential
1282,25,Male,France,497.94,13,325,0.23,Organic,At Risk
1283,53,Male,Hungary,222.13,28,90,0.07,Email,Champion
1284,55,Female,Germany,117.63,21,208,0.19,Paid Social,Lost
1285,57,Male,Hungary,84.14,26,292,0.56,Paid Social,Lost
1286,37,Male,Hungary,56.8,14,284,0.29,Organic,Lost
1287,52,Male,Hungary,358.66,13,118,0.42,Organic,Champion
1288,42,Female,Hungary,122.16,27,349,0.38,Referral,Lost
1289,52,Male,France,178.99,4,175,0.88,Organic,Champion
1290,42,Female,France,169.48,7,76,0.91,Email,Potential
1291,46,Male,France,215.26,22,101,0.49,Referral,Champion
1292,35,Male,Germany,501.69,10,151,0.33,Organic,Champion
1293,63,Male,Hungary,987.42,7,270,0.11,Organic,At Risk
1294,35,Female,Austria,130.89,21,71,0.95,Email,Potential
1295,19,Male,Germany,439.37,15,180,0.06,Referral,Champion
1296,52,Female,Germany,361.54,15,124,0.3,Referral,Champion
1297,33,Female,Hungary,213.05,4,293,0.3,Paid Social,At Risk
1298,58,Female,Hungary,781.16,23,285,0.32,Email,At Risk
1299,53,Male,Hungary,55.93,23,195,0.16,Organic,Lost
1300,50,Male,Hungary,28.93,6,228,0.78,Referral,Lost
1301,21,Male,Germany,480.97,24,275,0.12,Referral,At Risk
1302,50,Male,Germany,144.58,20,106,0.63,Organic,Potential
1303,31,Female,France,469.28,26,21,0.12,Organic,Champion
1304,38,Female,Austria,558.94,5,64,0.07,Organic,Champion
1305,37,Female,Austria,16.12,20,165,0.91,Organic,Potential
1306,25,Male,France,537.39,12,27,0.19,Email,Champion
1307,24,Female,Poland,148.7,1,311,0.82,Paid Social,Lost
1308,20,Male,Hungary,178.56,28,285,0.54,Organic,At Risk
1309,34,Female,Hungary,246.27,8,148,0.08,Paid Social,Champion
1310,50,Male,Hungary,652.22,1,281,0.96,Referral,At Risk
1311,29,Male,France,4.83,5,326,0.25,Email,Lost
1312,39,Female,Austria,161.97,22,319,0.86,Paid Social,Lost
1313,39,Female,Hungary,290.97,6,164,0.17,Organic,Champion
1314,63,Female,Poland,320.67,29,224,0.85,Referral,At Risk
1315,47,Female,Hungary,294.85,21,272,0.01,Email,At Risk
1316,55,Male,Poland,36.09,3,146,0.51,Organic,Potential
1317,55,Female,Hungary,88.95,15,356,0.77,Organic,Lost
1318,62,Female,Hungary,111.07,5,30,0.93,Organic,Potential
1319,25,Female,Germany,407.97,28,45,0.91,Organic,Champion
1320,44,Male,Hungary,81.7,24,275,0.82,Paid Social,Lost
1321,44,Male,Hungary,59.15,14,34,0.89,Referral,Potential
1322,51,Female,Hungary,789.26,18,141,0.2,Paid Social,Champion
1323,38,Male,Austria,2.23,16,318,0.28,Email,Lost
1324,47,Female,Germany,1532.21,6,221,0.29,Paid Social,At Risk
1325,50,Male,Hungary,282.39,25,356,0.38,Email,At Risk
1326,45,Male,France,440.75,24,22,0.39,Email,Champion
1327,64,Male,France,87.25,14,180,0.54,Organic,Potential
1328,50,Male,Hungary,3.6,27,329,0.16,Paid Social,Lost
1329,22,Female,Germany,334.73,24,231,0.69,Email,At Risk
1330,36,Female,Hungary,449.16,8,38,0.17,Organic,Champion
1331,21,Female,Hungary,337.23,29,70,0.31,Paid Social,Champion
1332,52,Male,France,38.54,7,116,0.5,Paid Social,Potential
1333,34,Female,Hungary,350.03,8,239,0.8,Referral,At Risk
1334,61,Female,Germany,366.25,13,335,0.74,Paid Social,At Risk
1335,45,Female,France,268.63,6,148,0.65,Email,Champion
1336,47,Male,Hungary,363.23,18,9,0.16,Paid Social,Champion
1337,46,Male,Germany,467.57,2,288,0.55,Email,At Risk
1338,63,Male,Hungary,237.72,8,50,0.09,Paid Social,Champion
1339,23,Female,Poland,23.19,11,338,0.38,Referral,Lost
1340,52,Female,Germany,167.18,1,5,0.41,Paid Social,Potential
1341,58,Female,Austria,20.21,22,343,0.04,Email,Lost
1342,54,Male,Germany,130.87,29,126,0.27,Email,Potential
1343,41,Male,Hungary,130.69,6,75,0.96,Paid Social,Potential
1344,46,Female,France,17.07,16,165,0.95,Organic,Potential
1345,63,Male,Poland,107.24,27,278,0.35,Organic,Lost
1346,48,Male,France,29.41,20,324,0.04,Organic,Lost
1347,52,Male,Austria,412.87,12,300,0.18,Referral,At Risk
1348,50,Male,Austria,737.63,11,290,0.39,Organic,At Risk
1349,38,Female,Hungary,18.77,29,77,0.95,Organic,Potential
1350,49,Male,Hungary,775.91,27,298,0.14,Email,At Risk
1351,40,Male,France,184.84,29,137,0.76,Paid Social,Champion
1352,50,Male,Germany,89.01,10,106,0.11,Paid Social,Potential
1353,20,Male,Austria,19.99,3,95,0.98,Organic,Potential
1354,35,Female,Poland,173.6,13,135,0.38,Referral,Champion
1355,42,Female,Hungary,395.6,27,68,0.78,Referral,Champion
1356,59,Male,Hungary,306.97,3,147,0.34,Referral,Champion
1357,48,Male,Austria,12.88,15,159,0.63,Paid Social,Potential
1358,20,Male,Hungary,18.92,16,163,0.19,Email,Potential
1359,57,Male,Austria,128.91,29,341,0.15,Organic,Lost
1360,63,Male,Germany,87.49,13,189,0.94,Organic,Lost
1361,41,Male,France,66.12,17,339,0.92,Organic,Lost
1362,49,Female,Hungary,82.48,3,95,0.89,Paid Social,Potential
1363,64,Male,France,406.75,20,181,0.63,Paid Social,Champion
1364,39,Female,Germany,662.07,11,288,0.81,Paid Social,At Risk
1365,40,Female,Germany,129.84,27,322,0.07,Organic,Lost
1366,19,Male,Hungary,591.41,21,187,0.33,Paid Social,At Risk
1367,44,Female,France,96.97,19,138,0.31,Email,Potential
1368,59,Female,Austria,161.77,22,130,0.64,Paid Social,Potential
1369,19,Female,Hungary,64.06,11,194,0.36,Email,Lost
1370,43,Female,Hungary,255.74,28,316,0.15,Organic,At Risk
1371,34,Female,Hungary,965.58,16,273,0.6,Email,At Risk
1372,57,Female,France,231.27,21,352,0.81,Paid Social,At Risk
1373,50,Male,France,110.72,3,144,0.38,Organic,Potential
1374,26,Female,Germany,260.9,22,16,0.13,Organic,Champion
1375,60,Female,Hungary,32.79,6,302,0.2,Email,Lost
1376,56,Female,Hungary,548.79,14,245,0.24,Email,At Risk
1377,46,Male,Germany,174.83,24,107,0.3,Paid Social,Champion
1378,59,Female,Germany,149.16,18,88,0.64,Organic,Potential
1379,43,Male,Poland,220.39,17,129,0.6,Referral,Champion
1380,52,Female,Hungary,245.06,4,341,0.7,Email,At Risk
1381,42,Male,France,18.62,23,4,0.36,Paid Social,Potential
1382,41,Male,Germany,286.91,15,327,0.82,Paid Social,At Risk
1383,30,Female,Germany,69.25,11,306,0.2,Organic,Lost
1384,24,Female,France,312.9,26,95,0.47,Email,Champion
1385,53,Male,France,432.25,3,209,0.8,Paid Social,At Risk
1386,62,Female,Poland,407.36,3,225,0.18,Referral,At Risk
1387,37,Male,Hungary,201.02,16,348,0.11,Paid Social,At Risk
1388,18,Male,Hungary,183.58,5,321,0.88,Paid Social,At Risk
1389,25,Male,France,38.54,21,47,0.34,Paid Social,Potential
1390,63,Male,Germany,373.3,29,181,0.68,Referral,Champion
1391,33,Male,Hungary,79.16,10,106,0.03,Email,Potential
1392,31,Female,Hungary,171.64,19,199,0.69,Paid Social,At Risk
1393,29,Male,Hungary,83.61,25,106,0.32,Email,Potential
1394,40,Male,Austria,35.92,4,280,0.06,Paid Social,Lost
1395,32,Female,Hungary,248.26,29,260,0.61,Paid Social,At Risk
1396,45,Male,Hungary,13.97,29,108,0.24,Organic,Potential
1397,51,Female,Hungary,345.22,19,19,0.39,Paid Social,Champion
1398,19,Female,Hungary,95.53,11,296,0.08,Organic,Lost
1399,49,Female,Hungary,0.03,2,306,0.15,Referral,Lost
1400,40,Male,Germany,178.91,10,171,0.3,Paid Social,Champion
1401,39,Male,Hungary,12.0,29,331,0.09,Referral,Lost
1402,42,Male,Austria,80.8,11,195,0.91,Paid Social,Lost
1403,39,Female,Hungary,306.88,25,12,0.01,Email,Champion
1404,39,Male,Germany,16.19,20,195,0.48,Paid Social,Lost
1405,59,Female,Austria,457.11,16,283,0.12,Organic,At Risk
1406,23,Male,France,0.96,19,182,0.31,Paid Social,Potential
1407,32,Female,Germany,70.86,23,305,0.93,Organic,Lost
1408,60,Male,Hungary,337.64,24,144,0.16,Email,Champion
1409,54,Male,Hungary,95.05,11,316,0.97,Paid Social,Lost
1410,50,Male,France,26.87,14,182,0.21,Email,Potential
1411,25,Female,Poland,111.66,2,30,0.74,Organic,Potential
1412,61,Female,France,78.81,23,84,0.55,Organic,Potential
1413,61,Male,Germany,462.42,28,166,0.88,Paid Social,Champion
1414,22,Male,France,93.98,5,284,0.55,Referral,Lost
1415,56,Female,Germany,388.89,27,281,0.53,Email,At Risk
1416,21,Female,Hungary,556.11,5,96,0.2,Paid Social,Champion
1417,23,Female,Germany,142.21,19,266,0.17,Paid Social,Lost
1418,62,Male,Poland,601.83,21,298,0.92,Organic,At Risk
1419,49,Female,Hungary,118.43,12,296,0.33,Referral,Lost
1420,47,Male,France,831.6,18,225,0.37,Email,At Risk
1421,64,Female,Hungary,23.38,4,333,0.76,Organic,Lost
1422,52,Male,Germany,290.4,22,361,0.34,Paid Social,At Risk
1423,57,Female,Hungary,170.21,17,42,0.95,Organic,Potential
1424,33,Female,Germany,122.61,10,303,0.74,Referral,Lost
1425,30,Female,Austria,250.4,20,246,0.6,Organic,At Risk
1426,59,Female,Hungary,304.23,6,208,0.88,Email,At Risk
1427,47,Female,France,1.09,25,237,0.05,Organic,Lost
1428,36,Male,Austria,45.67,14,22,0.26,Email,Potential
1429,34,Female,Poland,312.11,11,185,0.47,Email,Champion
1430,36,Female,Hungary,274.44,11,242,0.23,Email,At Risk
1431,45,Female,Hungary,845.7,29,363,0.74,Email,At Risk
1432,43,Male,Hungary,357.86,18,283,0.92,Referral,At Risk
1433,54,Female,Poland,752.83,27,41,0.42,Organic,Champion
1434,43,Male,Poland,303.12,23,336,0.34,Paid Social,At Risk
1435,40,Female,Germany,88.47,22,162,0.96,Organic,Potential
1436,26,Female,Austria,27.83,18,160,0.44,Referral,Potential
1437,29,Male,Germany,380.61,24,89,0.49,Paid Social,Champion
1438,18,Female,France,258.31,23,322,0.35,Email,At Risk
1439,18,Male,Hungary,12.35,11,12,0.91,Email,Potential
1440,64,Male,Austria,111.59,21,73,0.57,Organic,Potential
1441,51,Female,Hungary,785.48,12,76,0.76,Organic,Champion
1442,49,Male,Austria,173.49,5,346,0.81,Organic,At Risk
1443,42,Female,Austria,141.73,23,201,0.34,Paid Social,Lost
1444,57,Female,France,152.98,9,10,0.43,Organic,Potential
1445,62,Male,Hungary,58.58,27,352,0.85,Organic,Lost
1446,18,Male,Hungary,115.0,25,226,0.36,Referral,Lost
1447,33,Male,Hungary,115.43,9,176,0.79,Referral,Potential
1448,56,Male,Hungary,13.44,22,276,0.94,Paid Social,Lost
1449,22,Female,Hungary,364.79,10,39,0.62,Paid Social,Champion
1450,39,Female,Poland,134.68,22,60,0.74,Organic,Potential
1451,46,Male,Germany,431.75,19,66,0.81,Email,Champion
1452,20,Female,Hungary,474.86,1,321,0.85,Email,At Risk
1453,29,Female,Hungary,59.56,7,124,0.4,Organic,Potential
1454,43,Female,Germany,267.76,4,164,0.05,Organic,Champion
1455,33,Female,France,159.8,1,159,0.4,Email,Potential
1456,54,Male,Germany,530.39,15,57,0.67,Email,Champion
1457,39,Male,Poland,60.75,8,78,0.45,Organic,Potential
1458,46,Female,Germany,283.16,12,194,0.75,Email,At Risk
1459,31,Male,Poland,233.97,22,285,0.36,Paid Social,At Risk
1460,45,Male,Austria,87.5,22,15,0.63,Paid Social,Potential
1461,22,Male,Hungary,36.72,18,12,0.19,Email,Potential
1462,64,Female,Poland,263.63,15,101,0.75,Email,Champion
1463,47,Female,Hungary,335.42,17,156,0.55,Paid Social,Champion
1464,63,Female,Austria,94.81,29,340,0.2,Referral,Lost
1465,22,Male,Hungary,258.79,14,125,0.29,Paid Social,Champion
1466,29,Female,Austria,125.69,14,359,0.75,Email,Lost
1467,33,Female,Austria,312.25,18,280,0.48,Paid Social,At Risk
1468,43,Male,Austria,55.54,20,110,0.22,Referral,Potential
1469,43,Female,Austria,552.31,18,334,0.97,Referral,At Risk
1470,38,Female,Hungary,84.71,16,357,0.72,Organic,Lost
1471,56,Male,Hungary,114.63,1,146,0.96,Referral,Potential
1472,53,Male,Germany,14.96,23,216,0.43,Email,Lost
1473,50,Male,Hungary,29.56,27,162,0.48,Email,Potential
1474,47,Female,France,181.35,11,128,0.9,Organic,Champion
1475,54,Female,Hungary,77.85,15,314,0.53,Email,Lost
1476,40,Female,Poland,451.18,12,332,0.71,Referral,At Risk
1477,27,Male,France,3.7,8,150,0.25,Organic,Potential
1478,22,Male,Austria,119.14,22,36,0.45,Referral,Potential
1479,53,Female,Hungary,102.88,20,173,0.12,Organic,Potential
1480,51,Female,Austria,4.88,6,22,0.21,Organic,Potential
1481,48,Male,Poland,33.2,3,206,0.0,Paid Social,Lost
1482,27,Male,Germany,133.46,28,127,0.04,Paid Social,Potential
1483,36,Male,France,169.74,24,336,0.98,Email,Lost
1484,49,Male,Austria,129.5,26,356,0.24,Organic,Lost
1485,18,Female,Hungary,189.25,13,217,0.66,Referral,At Risk
1486,22,Male,Germany,226.05,13,96,0.84,Organic,Champion
1487,62,Female,Hungary,2.49,2,164,0.55,Organic,Potential
1488,21,Female,Hungary,155.95,5,148,0.15,Organic,Potential
1489,33,Female,Hungary,827.61,17,18,0.73,Paid Social,Champion
1490,41,Male,Hungary,182.99,6,294,0.6,Referral,At Risk
1491,33,Male,Hungary,282.95,2,195,0.73,Email,At Risk
1492,19,Male,Hungary,93.44,4,151,0.77,Email,Potential
1493,45,Male,Poland,371.8,22,123,0.98,Organic,Champion
1494,49,Female,Germany,370.61,26,187,0.57,Paid Social,At Risk
1495,44,Male,Poland,184.17,11,149,0.34,Paid Social,Champion
1496,37,Male,Germany,932.57,8,104,0.65,Paid Social,Champion
1497,41,Female,Hungary,33.54,12,243,0.07,Organic,Lost
1498,29,Male,Germany,4.27,8,231,0.9,Email,Lost
1499,52,Female,Germany,367.59,11,206,0.12,Paid Social,At Risk
1500,50,Female,Hungary,411.47,22,198,0.33,Email,At Risk
1501,50,Female,France,32.02,20,337,0.82,Paid Social,Lost
1502,60,Female,Hungary,77.17,8,87,0.6,Organic,Potential
1503,54,Female,France,4.43,29,142,0.39,Email,Potential
1504,29,Female,France,86.79,8,317,0.47,Organic,Lost
1505,20,Female,Hungary,370.86,26,199,0.85,Referral,At Risk
1506,18,Female,Hungary,182.43,17,46,0.34,Email,Champion
1507,50,Male,Austria,106.96,20,288,0.87,Organic,Lost
1508,57,Male,Germany,116.2,20,15,0.09,Referral,Potential
1509,27,Male,Hungary,0.34,23,44,0.78,Paid Social,Potential
1510,60,Male,Poland,89.1,16,169,0.85,Organic,Potential
1511,61,Female,Hungary,259.94,14,310,0.18,Email,At Risk
1512,46,Male,France,914.29,11,44,0.43,Organic,Champion
1513,30,Female,Poland,469.43,7,98,0.17,Email,Champion
1514,29,Male,Hungary,5.97,16,261,0.71,Email,Lost
1515,48,Male,Hungary,572.07,13,109,0.54,Referral,Champion
1516,63,Male,Hungary,382.19,27,283,0.64,Paid Social,At Risk
1517,19,Female,Hungary,378.96,15,343,0.2,Paid Social,At Risk
1518,52,Male,Hungary,153.12,24,104,0.21,Email,Potential
1519,40,Female,France,126.88,16,256,0.04,Organic,Lost
1520,34,Female,Hungary,90.21,27,206,0.32,Paid Social,Lost
1521,43,Male,Germany,16.99,21,335,0.56,Paid Social,Lost
1522,25,Male,Poland,64.77,23,43,0.86,Organic,Potential
1523,46,Male,Austria,70.79,24,353,0.67,Paid Social,Lost
1524,43,Female,France,165.45,9,245,0.44,Referral,Lost
1525,27,Male,Hungary,344.03,3,287,0.95,Referral,At Risk
1526,43,Female,France,160.52,19,355,0.72,Organic,Lost
1527,51,Female,Germany,14.9,20,273,0.93,Organic,Lost
1528,58,Male,Germany,791.27,5,83,0.53,Organic,Champion
1529,24,Male,Hungary,714.97,10,110,0.26,Referral,Champion
1530,21,Female,Austria,384.5,17,190,0.05,Organic,At Risk
1531,62,Female,Germany,1186.91,15,288,0.73,Email,At Risk
1532,28,Female,Hungary,196.58,23,251,0.12,Organic,At Risk
1533,46,Male,Hungary,822.65,25,212,0.3,Email,At Risk
1534,53,Female,Germany,19.65,8,291,0.53,Paid Social,Lost
1535,42,Male,Austria,113.8,15,133,0.56,Email,Potential
1536,38,Female,France,63.85,21,201,0.6,Organic,Lost
1537,53,Female,Austria,54.49,14,285,0.17,Email,Lost
1538,27,Male,Hungary,37.94,20,326,0.38,Organic,Lost
1539,54,Female,Germany,243.49,28,95,0.62,Email,Champion
1540,26,Male,Germany,380.04,7,278,0.97,Referral,At Risk
1541,41,Male,Hungary,215.86,21,325,0.73,Organic,At Risk
1542,52,Female,Hungary,39.74,23,219,0.92,Referral,Lost
1543,52,Male,Austria,416.67,12,89,0.76,Paid Social,Champion
1544,53,Male,Hungary,252.62,17,72,0.59,Organic,Champion
1545,35,Female,Germany,122.82,17,247,0.19,Paid Social,Lost
1546,56,Male,Hungary,280.31,10,129,0.67,Organic,Champion
1547,49,Male,Hungary,75.24,29,212,0.62,Email,Lost
1548,41,Male,Hungary,105.85,19,343,0.6,Email,Lost
1549,40,Female,Poland,623.7,14,96,0.49,Organic,Champion
1550,49,Male,Austria,85.8,11,75,0.53,Paid Social,Potential
1551,54,Female,Poland,158.71,2,54,0.33,Email,Potential
1552,29,Female,Germany,552.14,18,344,0.52,Referral,At Risk
1553,30,Male,Hungary,307.51,7,54,0.2,Paid Social,Champion
1554,40,Male,Germany,16.06,12,218,0.81,Referral,Lost
1555,42,Male,Germany,39.84,26,16,0.19,Paid Social,Potential
1556,52,Female,Austria,1.97,2,99,0.08,Paid Social,Potential
1557,58,Male,Hungary,249.19,27,20,0.44,Email,Champion
1558,47,Male,Germany,148.4,20,46,0.66,Paid Social,Potential
1559,34,Male,Hungary,36.05,18,193,0.44,Paid Social,Lost
1560,37,Male,Hungary,792.13,6,58,0.28,Paid Social,Champion
1561,42,Male,France,188.57,24,111,0.56,Email,Champion
1562,39,Female,Germany,69.23,10,129,0.35,Email,Potential
1563,30,Female,Hungary,173.59,20,337,0.93,Paid Social,At Risk
1564,36,Male,Hungary,284.56,15,194,0.92,Paid Social,At Risk
1565,53,Male,Germany,19.83,5,340,0.5,Paid Social,Lost
1566,29,Male,Austria,80.29,20,326,0.33,Paid Social,Lost
1567,58,Male,Austria,411.22,3,8,0.74,Organic,Champion
1568,36,Female,Poland,153.89,5,29,0.04,Email,Potential
1569,29,Male,Austria,197.73,25,112,0.47,Paid Social,Champion
1570,26,Female,Hungary,141.77,8,161,0.34,Paid Social,Potential
1571,24,Female,France,11.22,8,131,0.92,Organic,Potential
1572,45,Male,Germany,45.31,8,188,0.01,Organic,Lost
1573,31,Female,Hungary,147.44,12,163,0.55,Referral,Potential
1574,48,Female,Austria,58.67,24,197,0.74,Paid Social,Lost
1575,36,Female,Hungary,12.82,23,364,0.49,Organic,Lost
1576,64,Female,Poland,463.91,8,204,0.09,Paid Social,At Risk
1577,33,Male,Germany,993.38,11,212,0.97,Paid Social,At Risk
1578,22,Male,France,393.93,14,109,0.52,Organic,Champion
1579,52,Female,France,480.67,8,276,0.61,Paid Social,At Risk
1580,29,Male,Austria,69.26,29,73,0.24,Paid Social,Potential
1581,42,Male,France,808.67,24,167,0.48,Paid Social,Champion
1582,38,Male,France,54.83,28,260,0.43,Paid Social,Lost
1583,53,Male,Hungary,756.19,10,243,0.07,Paid Social,At Risk
1584,40,Male,Germany,1315.7,7,275,0.11,Referral,At Risk
1585,33,Female,Hungary,310.96,28,102,0.84,Paid Social,Champion
1586,56,Male,France,992.73,17,173,0.24,Organic,Champion
1587,62,Male,Germany,210.73,4,171,0.19,Organic,Champion
1588,59,Male,France,75.12,29,141,0.5,Paid Social,Potential
1589,56,Male,Hungary,143.62,13,188,0.77,Email,Lost
1590,31,Female,Hungary,225.08,4,86,0.06,Organic,Champion
1591,48,Female,France,18.97,5,52,0.58,Email,Potential
1592,22,Female,Hungary,243.44,26,111,0.12,Organic,Champion
1593,52,Female,Hungary,993.18,22,342,0.04,Paid Social,At Risk
1594,40,Male,Hungary,52.71,4,43,0.05,Email,Potential
1595,46,Female,Poland,393.27,18,211,0.83,Paid Social,At Risk
1596,60,Male,France,596.22,6,200,0.12,Paid Social,At Risk
1597,28,Male,Hungary,719.27,24,298,0.05,Organic,At Risk
1598,35,Male,Hungary,805.57,24,346,0.44,Email,At Risk
1599,64,Male,Hungary,184.25,23,240,0.84,Organic,At Risk
1600,29,Male,Austria,946.43,22,115,0.26,Referral,Champion
1601,26,Female,France,353.99,2,26,0.42,Organic,Champion
1602,27,Female,Hungary,44.09,23,299,0.04,Referral,Lost
1603,61,Female,Hungary,162.0,11,77,0.45,Paid Social,Potential
1604,34,Female,Hungary,316.76,28,137,0.58,Email,Champion
1605,55,Male,France,71.04,14,20,0.57,Paid Social,Potential
1606,24,Female,Austria,255.84,5,211,0.33,Referral,At Risk
1607,63,Male,Hungary,274.6,6,240,0.32,Organic,At Risk
1608,30,Female,Hungary,44.39,10,39,0.11,Organic,Potential
1609,57,Male,Hungary,208.15,8,268,0.37,Paid Social,At Risk
1610,59,Male,Poland,369.19,14,207,0.1,Organic,At Risk
1611,26,Female,Hungary,172.74,24,267,0.77,Organic,At Risk
1612,44,Male,Austria,3.04,3,154,0.97,Referral,Potential
1613,19,Male,France,2.27,12,42,0.97,Referral,Potential
1614,22,Female,Hungary,110.41,16,11,0.87,Paid Social,Potential
1615,46,Male,Hungary,651.58,28,294,0.6,Referral,At Risk
1616,54,Female,Hungary,64.91,23,98,0.7,Paid Social,Potential
1617,55,Female,France,251.53,17,275,0.29,Organic,At Risk
1618,36,Female,Austria,62.78,1,230,0.63,Email,Lost
1619,25,Male,France,97.03,23,220,0.46,Email,Lost
1620,62,Male,Germany,471.04,10,65,0.48,Referral,Champion
1621,18,Male,Hungary,326.28,25,355,0.76,Organic,At Risk
1622,39,Female,Poland,25.07,23,232,0.28,Email,Lost
1623,34,Male,Austria,139.96,10,328,0.32,Organic,Lost
1624,24,Female,Hungary,7.4,21,52,0.92,Organic,Potential
1625,42,Female,Poland,163.91,24,263,0.06,Organic,Lost
1626,62,Male,France,271.5,2,267,0.49,Referral,At Risk
1627,21,Female,Germany,31.53,9,359,0.91,Email,Lost
1628,53,Male,France,85.23,22,317,0.61,Email,Lost
1629,23,Male,Austria,126.81,13,324,0.55,Paid Social,Lost
1630,48,Male,France,629.97,25,154,0.25,Paid Social,Champion
1631,36,Male,Hungary,1249.74,16,358,0.34,Organic,At Risk
1632,61,Male,Hungary,11.49,18,140,0.85,Organic,Potential
1633,56,Female,Poland,357.83,19,51,0.56,Paid Social,Champion
1634,44,Female,Hungary,116.19,12,117,0.51,Email,Potential
1635,27,Female,Hungary,124.58,8,46,0.1,Paid Social,Potential
1636,43,Male,Germany,350.88,17,309,0.02,Organic,At Risk
1637,36,Male,Germany,626.56,15,88,0.96,Organic,Champion
1638,56,Male,France,753.62,10,208,0.38,Organic,At Risk
1639,20,Female,Poland,215.17,15,269,0.6,Paid Social,At Risk
1640,62,Male,Hungary,110.45,15,89,0.08,Referral,Potential
1641,30,Female,Hungary,387.26,23,118,0.68,Email,Champion
1642,45,Female,Hungary,72.25,7,54,0.93,Email,Potential
1643,37,Male,Austria,207.57,13,116,0.58,Paid Social,Champion
1644,45,Male,France,111.02,17,118,0.13,Paid Social,Potential
1645,25,Female,Hungary,267.24,9,260,0.58,Organic,At Risk
1646,58,Male,Austria,68.74,8,75,0.77,Referral,Potential
1647,56,Female,Austria,53.17,20,305,0.41,Email,Lost
1648,18,Male,Austria,625.99,26,7,0.88,Organic,Champion
1649,20,Male,Poland,26.84,27,122,0.65,Paid Social,Potential
1650,30,Female,Hungary,176.28,21,11,0.9,Paid Social,Champion
1651,45,Male,Austria,62.39,18,348,0.62,Email,Lost
1652,42,Female,Germany,9.93,13,215,0.13,Referral,Lost
1653,50,Male,Austria,9.17,16,279,0.31,Paid Social,Lost
1654,55,Female,France,48.16,9,28,0.2,Paid Social,Potential
1655,23,Female,Austria,503.92,12,235,0.91,Organic,At Risk
1656,61,Male,France,82.99,12,313,0.76,Organic,Lost
1657,62,Female,Hungary,751.24,6,26,0.68,Organic,Champion
1658,49,Male,Germany,217.84,19,54,0.3,Organic,Champion
1659,62,Male,Poland,143.45,28,29,0.18,Email,Potential
1660,64,Male,Poland,216.93,7,353,0.76,Email,At Risk
1661,38,Female,Hungary,181.78,25,164,0.47,Organic,Champion
1662,33,Female,Hungary,355.51,3,270,0.23,Email,At Risk
1663,38,Male,Hungary,82.99,16,334,0.62,Organic,Lost
1664,28,Male,France,108.87,18,35,0.04,Paid Social,Potential
1665,54,Female,Austria,561.3,16,286,0.33,Organic,At Risk
1666,53,Male,Hungary,731.82,23,348,0.47,Paid Social,At Risk
1667,52,Male,Germany,557.7,7,273,0.15,Organic,At Risk
1668,36,Female,Austria,135.94,4,208,0.98,Paid Social,Lost
1669,37,Male,France,378.95,27,238,0.21,Paid Social,At Risk
1670,35,Female,Germany,161.73,25,93,0.13,Referral,Potential
1671,64,Male,Germany,172.06,8,173,0.2,Organic,Champion
1672,58,Female,Germany,57.25,13,79,0.77,Organic,Potential
1673,31,Male,Hungary,223.59,13,110,0.43,Organic,Champion
1674,32,Male,Germany,51.49,17,217,0.57,Email,Lost
1675,48,Female,France,100.7,17,358,0.02,Organic,Lost
1676,18,Male,Austria,482.81,5,106,0.03,Email,Champion
1677,20,Female,France,58.01,6,47,0.45,Paid Social,Potential
1678,33,Male,Austria,18.45,19,181,0.82,Paid Social,Potential
1679,40,Female,Hungary,17.88,13,64,0.89,Paid Social,Potential
1680,28,Female,Germany,706.64,25,246,0.09,Organic,At Risk
1681,29,Female,Hungary,176.77,28,244,0.54,Organic,At Risk
1682,27,Female,Hungary,131.66,26,320,0.91,Paid Social,Lost
1683,49,Male,France,416.34,14,87,0.39,Paid Social,Champion
1684,33,Male,Poland,451.71,22,217,0.83,Organic,At Risk
1685,25,Female,Hungary,100.94,4,7,0.13,Organic,Potential
1686,55,Female,Germany,295.73,28,278,0.94,Referral,At Risk
1687,29,Female,Austria,368.64,7,337,0.75,Organic,At Risk
1688,41,Male,Hungary,265.8,8,210,0.94,Email,At Risk
1689,45,Male,Germany,41.1,25,169,0.68,Email,Potential
1690,25,Male,France,521.63,13,330,0.36,Organic,At Risk
1691,45,Male,France,193.64,27,138,0.94,Organic,Champion
1692,53,Female,Hungary,82.99,6,306,0.28,Organic,Lost
1693,43,Female,Hungary,138.45,6,230,0.33,Email,Lost
1694,25,Female,Austria,9.57,24,308,0.7,Email,Lost
1695,45,Male,Germany,34.2,28,161,0.77,Email,Potential
1696,45,Male,Hungary,362.62,21,1,0.93,Referral,Champion
1697,54,Male,Austria,0.0,3,236,0.2,Email,Lost
1698,58,Female,Hungary,134.71,28,188,0.8,Organic,Lost
1699,53,Female,France,184.8,3,4,0.74,Organic,Champion
1700,44,Male,Hungary,14.05,13,132,0.06,Email,Potential
1701,34,Female,Poland,903.7,22,218,0.39,Organic,At Risk
1702,26,Male,Hungary,64.09,2,260,0.28,Organic,Lost
1703,50,Male,Hungary,90.67,16,1,0.3,Email,Potential
1704,37,Female,Hungary,90.58,22,71,0.98,Paid Social,Potential
1705,30,Male,Hungary,65.48,29,178,0.64,Referral,Potential
1706,45,Female,Austria,0.37,6,189,0.72,Email,Lost
1707,46,Male,Poland,326.73,8,291,0.98,Organic,At Risk
1708,30,Female,Hungary,851.64,23,8,0.38,Referral,Champion
1709,63,Female,Germany,63.5,8,253,0.8,Organic,Lost
1710,52,Female,France,271.95,25,292,0.43,Paid Social,At Risk
1711,23,Male,Austria,338.6,6,244,0.87,Paid Social,At Risk
1712,35,Male,Germany,471.67,14,123,0.18,Organic,Champion
1713,22,Female,Hungary,137.32,3,299,0.95,Paid Social,Lost
1714,64,Female,Germany,90.22,10,283,0.22,Organic,Lost
1715,42,Male,France,98.37,3,32,0.33,Paid Social,Potential
1716,19,Male,Hungary,311.74,27,334,0.76,Paid Social,At Risk
1717,27,Male,France,424.27,12,146,0.39,Email,Champion
1718,47,Female,Hungary,50.11,17,156,0.61,Email,Potential
1719,62,Male,Austria,115.88,27,16,0.44,Organic,Potential
1720,22,Male,Hungary,580.54,29,355,0.74,Paid Social,At Risk
1721,50,Female,Germany,410.87,5,47,0.23,Paid Social,Champion
1722,18,Male,Germany,1047.58,20,251,0.06,Organic,At Risk
1723,35,Male,France,350.86,25,187,0.3,Email,At Risk
1724,49,Male,Hungary,124.89,9,31,0.47,Email,Potential
1725,64,Female,Germany,223.29,21,260,0.17,Organic,At Risk
1726,28,Female,Germany,270.45,26,17,0.35,Paid Social,Champion
1727,38,Female,Germany,20.43,20,39,0.4,Organic,Potential
1728,43,Female,France,196.59,7,304,0.06,Email,At Risk
1729,42,Female,France,308.88,22,39,0.58,Organic,Champion
1730,39,Female,Austria,45.78,4,132,0.88,Referral,Potential
1731,44,Female,Hungary,379.25,13,30,0.15,Email,Champion
1732,30,Male,Austria,219.13,13,158,0.6,Paid Social,Champion
1733,50,Male,Germany,760.3,10,278,0.66,Paid Social,At Risk
1734,51,Female,Hungary,10.84,18,203,0.42,Referral,Lost
1735,58,Male,Hungary,77.08,17,66,0.7,Paid Social,Potential
1736,52,Male,Hungary,230.05,20,108,0.41,Organic,Champion
1737,18,Female,Austria,87.94,20,268,0.5,Paid Social,Lost
1738,38,Male,France,313.31,13,222,0.01,Email,At Risk
1739,23,Male,Austria,355.75,17,292,0.69,Email,At Risk
1740,45,Male,Germany,27.04,22,18,0.66,Email,Potential
1741,34,Male,Germany,180.31,4,90,0.04,Referral,Champion
1742,22,Male,Hungary,177.77,1,181,0.37,Referral,Champion
1743,48,Female,Hungary,115.22,1,255,0.98,Referral,Lost
1744,22,Female,Germany,675.49,15,253,0.42,Organic,At Risk
1745,55,Female,Hungary,439.35,13,257,0.5,Paid Social,At Risk
1746,20,Male,Hungary,298.68,17,346,0.91,Email,At Risk
1747,40,Female,Germany,313.23,24,87,0.72,Email,Champion
1748,54,Male,France,154.84,26,90,0.58,Email,Potential
1749,54,Male,Poland,634.56,8,237,0.8,Organic,At Risk
1750,27,Male,Poland,296.53,18,70,0.86,Email,Champion
1751,27,Male,France,326.39,27,44,0.46,Email,Champion
1752,36,Female,Germany,494.57,13,200,0.48,Organic,At Risk
1753,34,Female,France,80.08,23,152,0.39,Paid Social,Potential
1754,38,Male,Austria,411.36,14,86,0.97,Organic,Champion
1755,31,Female,Hungary,54.3,8,19,0.7,Paid Social,Potential
1756,26,Male,Germany,105.91,8,101,0.08,Organic,Potential
1757,63,Female,Austria,102.22,27,95,0.86,Paid Social,Potential
1758,18,Female,Hungary,960.22,26,254,0.48,Paid Social,At Risk
1759,62,Male,Germany,485.42,15,357,0.07,Email,At Risk
1760,30,Female,Germany,301.97,27,30,0.55,Email,Champion
1761,21,Male,Hungary,324.62,13,249,0.42,Email,At Risk
1762,18,Female,Hungary,206.43,7,33,0.88,Organic,Champion
1763,57,Male,Hungary,734.79,5,229,0.2,Organic,At Risk
1764,49,Male,Hungary,171.42,17,12,0.83,Referral,Potential
1765,51,Female,Hungary,119.72,28,118,0.56,Organic,Potential
1766,45,Female,Austria,44.49,25,350,0.05,Referral,Lost
1767,48,Male,Hungary,385.69,29,155,0.97,Email,Champion
1768,25,Female,Germany,331.48,16,246,0.51,Paid Social,At Risk
1769,56,Female,Hungary,121.27,23,332,0.29,Referral,Lost
1770,43,Male,Poland,6.38,2,247,0.47,Organic,Lost
1771,51,Male,Hungary,456.58,22,29,0.86,Paid Social,Champion
1772,20,Female,Germany,2.87,18,161,0.3,Email,Potential
1773,29,Male,Austria,304.1,17,235,0.19,Paid Social,At Risk
1774,18,Male,Austria,878.79,7,190,0.13,Referral,At Risk
1775,61,Male,Hungary,143.91,13,117,0.3,Organic,Potential
1776,22,Female,Austria,66.96,18,271,0.78,Paid Social,Lost
1777,47,Female,Germany,305.09,29,258,0.47,Paid Social,At Risk
1778,47,Male,Germany,424.74,14,180,0.23,Email,Champion
1779,34,Female,Hungary,197.65,18,172,0.17,Organic,Champion
1780,64,Male,Hungary,853.08,13,274,0.33,Paid Social,At Risk
1781,40,Female,France,13.26,11,259,0.94,Email,Lost
1782,32,Male,Germany,175.7,21,135,0.34,Organic,Champion
1783,54,Male,Germany,316.86,21,171,0.99,Email,Champion
1784,38,Female,France,496.29,16,210,0.49,Paid Social,At Risk
1785,31,Male,Austria,49.39,23,236,0.18,Email,Lost
1786,19,Female,Hungary,402.36,17,186,0.89,Email,Champion
1787,28,Female,France,201.14,8,364,0.46,Organic,At Risk
1788,56,Male,Hungary,126.27,19,95,0.71,Paid Social,Potential
1789,55,Male,Austria,35.31,20,11,0.98,Referral,Potential
1790,51,Female,France,501.17,15,68,0.05,Paid Social,Champion
1791,55,Male,Poland,42.78,9,210,0.1,Referral,Lost
1792,51,Male,Hungary,92.69,20,196,0.72,Paid Social,Lost
1793,35,Male,Hungary,85.64,10,98,0.28,Organic,Potential
1794,47,Male,Hungary,512.79,12,93,0.18,Paid Social,Champion
1795,32,Male,Hungary,279.22,21,22,0.04,Referral,Champion
1796,44,Female,Hungary,398.25,23,172,0.02,Paid Social,Champion
1797,51,Female,Poland,72.08,20,134,0.77,Referral,Potential
1798,55,Male,Hungary,245.12,1,25,0.13,Referral,Champion
1799,50,Male,Hungary,212.01,25,185,0.47,Paid Social,Champion
1800,41,Male,Austria,447.19,20,85,0.61,Organic,Champion
1801,32,Female,Germany,591.35,9,55,0.43,Email,Champion
1802,47,Male,Austria,3.06,22,251,0.03,Paid Social,Lost
1803,59,Female,Hungary,280.23,15,144,0.78,Email,Champion
1804,34,Female,Germany,13.31,1,351,0.01,Paid Social,Lost
1805,22,Female,Hungary,198.99,12,167,0.76,Paid Social,Champion
1806,46,Male,Hungary,84.79,3,224,0.89,Email,Lost
1807,21,Female,Poland,91.6,11,220,0.43,Paid Social,Lost
1808,27,Male,Hungary,108.84,2,179,0.54,Paid Social,Potential
1809,34,Female,Germany,242.75,16,119,0.48,Paid Social,Champion
1810,27,Male,Germany,101.64,9,265,0.39,Paid Social,Lost
1811,34,Female,Hungary,329.85,15,150,0.89,Paid Social,Champion
1812,37,Male,Austria,129.6,12,215,0.89,Email,Lost
1813,41,Female,Hungary,17.7,1,197,0.34,Paid Social,Lost
1814,22,Male,France,382.84,13,42,0.62,Paid Social,Champion
1815,51,Male,Poland,84.13,14,53,0.93,Email,Potential
1816,23,Male,Germany,141.75,25,330,0.96,Organic,Lost
1817,19,Male,Poland,289.15,25,251,0.51,Organic,At Risk
1818,30,Female,Hungary,101.04,8,295,0.45,Referral,Lost
1819,60,Female,Germany,14.56,8,271,0.28,Email,Lost
1820,60,Male,Hungary,117.07,27,123,0.96,Paid Social,Potential
1821,28,Female,France,722.61,12,339,0.14,Email,At Risk
1822,64,Male,Poland,256.62,1,266,0.58,Organic,At Risk
1823,40,Male,Hungary,278.29,11,348,0.28,Email,At Risk
1824,33,Female,France,250.11,8,29,0.28,Paid Social,Champion
1825,48,Male,Hungary,55.47,10,35,0.4,Paid Social,Potential
1826,28,Male,Germany,135.46,19,6,1.0,Paid Social,Potential
1827,33,Female,Germany,347.52,11,111,0.05,Organic,Champion
1828,25,Male,Poland,26.72,7,294,0.58,Organic,Lost
1829,21,Male,France,81.38,11,77,0.08,Referral,Potential
1830,57,Male,Hungary,80.85,17,349,0.15,Paid Social,Lost
1831,21,Male,Hungary,141.42,1,147,0.44,Paid Social,Potential
1832,42,Female,Hungary,982.66,26,67,0.51,Organic,Champion
1833,20,Female,Hungary,17.47,29,8,0.26,Organic,Potential
1834,49,Female,Hungary,182.82,21,122,0.32,Email,Champion
1835,20,Male,Austria,49.42,21,340,0.09,Paid Social,Lost
1836,44,Male,Germany,882.34,8,175,0.3,Paid Social,Champion
1837,46,Female,Germany,30.06,23,179,0.97,Organic,Potential
1838,49,Male,Hungary,129.21,24,85,0.94,Email,Potential
1839,36,Male,Austria,334.74,6,45,0.33,Organic,Champion
1840,38,Male,France,304.82,22,136,0.57,Organic,Champion
1841,22,Male,Hungary,137.36,18,343,0.91,Paid Social,Lost
1842,35,Female,France,106.36,6,16,0.01,Organic,Potential
1843,45,Female,Germany,126.71,5,333,0.81,Organic,Lost
1844,59,Female,Hungary,76.73,13,195,0.95,Email,Lost
1845,39,Male,Germany,57.46,19,9,0.09,Email,Potential
1846,38,Female,Germany,164.95,22,316,0.16,Email,Lost
1847,23,Female,Hungary,78.18,8,334,0.96,Paid Social,Lost
1848,18,Male,Poland,84.73,9,333,0.54,Organic,Lost
1849,22,Male,Austria,267.33,17,327,0.01,Organic,At Risk
1850,58,Female,France,864.74,3,15,0.26,Referral,Champion
1851,29,Female,Germany,231.36,19,327,0.45,Paid Social,At Risk
1852,43,Female,Germany,20.03,11,102,0.69,Email,Potential
1853,63,Female,France,19.65,24,226,0.73,Organic,Lost
1854,51,Male,Germany,756.15,17,278,1.0,Paid Social,At Risk
1855,31,Female,Hungary,88.2,21,113,0.29,Organic,Potential
1856,43,Female,Germany,24.15,19,1,0.54,Paid Social,Potential
1857,62,Male,Austria,228.48,2,266,0.53,Referral,At Risk
1858,44,Female,Germany,244.31,8,208,0.41,Referral,At Risk
1859,26,Male,Hungary,261.39,19,110,0.17,Paid Social,Champion
1860,43,Male,Austria,77.79,7,200,0.98,Paid Social,Lost
1861,64,Male,Hungary,3.81,28,306,0.85,Referral,Lost
1862,39,Female,Hungary,838.21,27,12,0.5,Email,Champion
1863,64,Female,Hungary,72.22,17,345,0.6,Organic,Lost
1864,47,Male,Hungary,281.77,6,188,0.23,Paid Social,At Risk
1865,60,Female,Austria,306.58,19,154,0.54,Organic,Champion
1866,34,Female,Germany,235.41,24,334,0.69,Paid Social,At Risk
1867,43,Male,Hungary,93.82,6,279,0.52,Paid Social,Lost
1868,53,Male,Austria,79.05,28,171,0.99,Paid Social,Potential
1869,18,Female,Austria,227.62,2,134,0.61,Paid Social,Champion
1870,25,Male,Austria,502.66,6,25,0.37,Organic,Champion
1871,52,Female,Hungary,733.11,23,18,0.77,Paid Social,Champion
1872,32,Female,Germany,27.99,5,190,0.17,Email,Lost
1873,64,Female,Poland,42.05,19,141,0.38,Email,Potential
1874,39,Female,Austria,723.91,20,43,0.35,Paid Social,Champion
1875,31,Male,Hungary,333.46,4,334,0.43,Referral,At Risk
1876,43,Male,Hungary,536.38,22,284,0.78,Referral,At Risk
1877,45,Male,Germany,56.61,26,146,0.48,Organic,Potential
1878,40,Male,Poland,221.43,17,315,0.79,Organic,At Risk
1879,31,Female,Germany,301.94,11,319,0.58,Email,At Risk
1880,41,Female,Germany,284.95,4,92,0.34,Email,Champion
1881,19,Male,Hungary,131.13,26,179,0.81,Referral,Potential
1882,62,Female,France,3.88,13,56,0.24,Referral,Potential
1883,43,Female,Austria,218.62,20,155,0.22,Email,Champion
1884,31,Female,Hungary,72.96,26,160,0.5,Paid Social,Potential
1885,24,Male,Austria,149.57,17,111,0.26,Organic,Potential
1886,20,Male,Poland,790.04,9,137,0.01,Organic,Champion
1887,64,Male,Hungary,127.3,4,232,0.65,Paid Social,Lost
1888,40,Female,Germany,457.84,23,220,0.51,Email,At Risk
1889,63,Male,Hungary,52.23,28,68,0.45,Paid Social,Potential
1890,60,Male,Austria,279.04,14,302,0.97,Email,At Risk
1891,64,Male,Germany,943.14,19,249,0.57,Organic,At Risk
1892,62,Male,France,26.87,26,323,0.86,Paid Social,Lost
1893,35,Male,Austria,2.09,28,6,0.14,Organic,Potential
1894,55,Male,Hungary,142.11,3,280,0.57,Paid Social,Lost
1895,52,Female,Poland,24.3,14,94,0.87,Email,Potential
1896,32,Female,Germany,344.96,8,269,0.58,Email,At Risk
1897,42,Male,Hungary,614.95,24,197,0.72,Referral,At Risk
1898,54,Male,France,142.3,27,25,0.37,Organic,Potential
1899,45,Female,Austria,74.84,28,148,0.09,Paid Social,Potential
1900,27,Female,Hungary,142.47,1,118,0.46,Paid Social,Potential
1901,56,Male,Austria,321.34,10,338,0.39,Paid Social,At Risk
1902,34,Male,Poland,2.27,18,338,0.87,Referral,Lost
1903,56,Male,Hungary,222.57,16,66,0.24,Email,Champion
1904,39,Male,Poland,237.52,8,301,0.97,Referral,At Risk
1905,43,Female,Hungary,253.81,1,175,0.96,Organic,Champion
1906,61,Male,Hungary,69.28,12,319,0.25,Referral,Lost
1907,42,Male,Hungary,312.99,8,76,0.35,Organic,Champion
1908,34,Male,Austria,23.96,24,114,0.9,Referral,Potential
1909,30,Male,France,55.56,16,111,0.97,Paid Social,Potential
1910,37,Female,Hungary,524.85,18,249,0.44,Paid Social,At Risk
1911,42,Female,Germany,335.54,4,203,0.32,Paid Social,At Risk
1912,21,Female,France,3.46,6,147,0.53,Referral,Potential
1913,27,Male,Hungary,71.38,12,35,0.69,Organic,Potential
1914,20,Male,Austria,60.33,27,309,0.27,Paid Social,Lost
1915,58,Female,Austria,78.95,9,26,0.74,Referral,Potential
1916,62,Male,Germany,71.11,15,238,0.05,Paid Social,Lost
1917,35,Male,Poland,16.14,16,14,0.05,Organic,Potential
1918,64,Female,Germany,153.56,24,45,0.39,Paid Social,Potential
1919,53,Female,Poland,329.88,12,216,0.35,Paid Social,At Risk
1920,64,Female,France,233.32,24,233,0.32,Referral,At Risk
1921,39,Female,France,279.35,23,193,0.49,Email,At Risk
1922,51,Male,Hungary,21.16,14,51,0.32,Paid Social,Potential
1923,64,Male,Austria,756.5,13,214,0.19,Referral,At Risk
1924,25,Female,Germany,455.8,25,151,0.31,Paid Social,Champion
1925,57,Male,Hungary,408.8,2,275,0.97,Organic,At Risk
1926,61,Female,Hungary,432.88,3,338,0.41,Organic,At Risk
1927,36,Female,Germany,674.69,26,76,0.44,Paid Social,Champion
1928,59,Male,Germany,196.45,24,220,0.58,Organic,At Risk
1929,58,Female,France,55.87,22,348,0.98,Referral,Lost
1930,54,Male,Austria,239.79,10,187,0.24,Email,At Risk
1931,23,Male,Hungary,339.55,9,289,0.68,Organic,At Risk
1932,43,Male,France,334.77,26,28,0.72,Paid Social,Champion
1933,51,Male,Hungary,184.25,20,180,0.61,Email,Champion
1934,62,Female,Austria,17.73,8,253,0.09,Referral,Lost
1935,23,Male,Austria,115.95,10,126,0.68,Referral,Potential
1936,54,Female,Germany,633.84,19,177,0.06,Paid Social,Champion
1937,50,Female,France,219.54,3,37,0.6,Email,Champion
1938,39,Female,Hungary,193.23,24,99,0.74,Paid Social,Champion
1939,38,Female,Germany,78.29,5,98,0.21,Paid Social,Potential
1940,23,Male,Austria,114.89,3,127,0.84,Organic,Potential
1941,23,Male,Germany,564.27,26,168,0.03,Organic,Champion
1942,21,Female,Hungary,274.5,27,80,0.84,Paid Social,Champion
1943,47,Female,Germany,387.07,16,294,0.46,Organic,At Risk
1944,28,Male,Austria,151.44,17,333,0.22,Organic,Lost
1945,47,Female,Hungary,248.73,15,126,0.13,Email,Champion
1946,48,Male,Hungary,71.38,3,343,0.95,Organic,Lost
1947,41,Female,France,305.59,12,310,0.07,Paid Social,At Risk
1948,26,Male,Austria,139.48,9,150,0.2,Paid Social,Potential
1949,20,Female,Hungary,146.09,21,16,0.35,Referral,Potential
1950,48,Female,Hungary,261.97,12,28,0.62,Paid Social,Champion
1951,57,Male,Hungary,688.32,26,173,0.54,Organic,Champion
1952,54,Female,Hungary,16.54,15,46,0.13,Paid Social,Potential
1953,53,Female,Germany,435.38,2,328,0.29,Email,At Risk
1954,41,Male,France,86.46,23,236,0.24,Referral,Lost
1955,48,Female,France,146.71,18,214,0.21,Paid Social,Lost
1956,23,Male,France,5.54,20,85,0.41,Paid Social,Potential
1957,19,Male,Hungary,89.54,12,282,0.7,Referral,Lost
1958,37,Female,Austria,174.61,23,232,0.22,Organic,At Risk
1959,45,Female,Germany,14.45,4,85,0.37,Email,Potential
1960,28,Female,Poland,168.87,23,65,0.39,Paid Social,Potential
1961,21,Female,France,654.7,16,134,0.98,Organic,Champion
1962,32,Female,Hungary,27.84,23,151,0.95,Paid Social,Potential
1963,23,Female,France,361.45,16,115,0.8,Organic,Champion
1964,47,Female,Hungary,131.77,1,64,0.24,Email,Potential
1965,55,Male,France,266.18,22,343,0.07,Referral,At Risk
1966,19,Female,Hungary,75.36,25,363,0.32,Organic,Lost
1967,32,Male,Hungary,43.44,2,352,0.27,Email,Lost
1968,28,Female,Austria,43.73,3,158,0.51,Organic,Potential
1969,25,Female,Hungary,18.27,26,77,0.78,Paid Social,Potential
1970,43,Male,Austria,51.34,21,146,0.86,Organic,Potential
1971,62,Female,Hungary,272.82,25,343,0.84,Referral,At Risk
1972,61,Female,France,533.61,20,225,0.36,Email,At Risk
1973,22,Male,France,420.67,17,313,0.69,Email,At Risk
1974,23,Female,Germany,288.9,20,103,0.31,Email,Champion
1975,43,Female,Hungary,29.25,22,347,0.06,Email,Lost
1976,21,Female,Hungary,85.34,21,301,0.7,Referral,Lost
1977,36,Male,Hungary,92.7,29,88,0.01,Email,Potential
1978,37,Female,Hungary,71.91,1,303,0.41,Referral,Lost
1979,50,Female,France,180.9,20,168,0.33,Paid Social,Champion
1980,37,Female,Poland,191.73,6,170,0.69,Organic,Champion
1981,29,Female,Austria,110.36,29,135,0.77,Paid Social,Potential
1982,64,Male,Austria,109.16,15,50,0.3,Organic,Potential
1983,18,Male,Austria,440.87,26,340,0.81,Paid Social,At Risk
1984,43,Female,France,389.32,26,347,0.29,Paid Social,At Risk
1985,31,Female,Hungary,91.97,14,134,0.45,Email,Potential
1986,55,Male,Poland,612.74,20,347,0.73,Organic,At Risk
1987,54,Male,France,763.42,15,137,0.69,Organic,Champion
1988,28,Female,Germany,98.91,14,245,0.99,Paid Social,Lost
1989,53,Male,Hungary,109.4,25,109,0.23,Referral,Potential
1990,30,Female,Germany,176.12,21,313,0.66,Paid Social,At Risk
1991,60,Male,Germany,708.07,24,287,0.61,Paid Social,At Risk
1992,20,Male,Austria,522.51,25,21,0.92,Email,Champion
1993,50,Male,Germany,27.05,26,90,0.16,Email,Potential
1994,23,Male,Hungary,124.7,5,296,0.75,Organic,Lost
1995,27,Female,Poland,201.51,6,112,0.57,Paid Social,Champion
1996,22,Male,Hungary,174.86,17,301,0.27,Organic,At Risk
1997,40,Male,Germany,53.88,11,77,0.47,Referral,Potential
1998,27,Female,Hungary,489.42,16,177,0.33,Organic,Champion
1999,61,Male,France,282.48,12,343,0.58,Paid Social,At Risk
2000,19,Male,Poland,454.9,15,148,0.89,Organic,Champion
